id,Grouper,List_A,Meaning,created_at,updated_at,,,,,,,,,,,,,,,,,,,,
,H SPEED,1,Ahead,NULL,NULL,,,,,,,,,,,,,,,,,,,,
,H SPEED,2,Astern,NULL,NULL,,,,,,,,,,,,,,,,,,,,
,P SPEED,1,Maximum,,,,,,,,,,,,,,,,,,,,,,
,P SPEED,2,Optimum,,,,,,,,,,,,,,,,,,,,,,
,SCREEN P,1,Left,,,,,,,,,,,,,,,,,,,,,,
,SCREEN P,2,Right,,,,,,,,,,,,,,,,,,,,,,
,SCREEN P,3,Both,,,,,,,,,,,,,,,,,,,,,,
,SCREEN Q,1,Inner,,,,,,,,,,,,,,,,,,,,,,
,SCREEN Q,2,Outer,,,,,,,,,,,,,,,,,,,,,,
,SCREEN Q,3,Inner and Outer,,,,,,,,,,,,,,,,,,,,,,
,FLAG 1N,1,Good,,,,,,,,,,,,,,,,,,,,,,
,FLAG 1N,2,Weak,,,,,,,,,,,,,,,,,,,,,,
,FLAG 1N,3,Fading,,,,,,,,,,,,,,,,,,,,,,
,FLAG 1N,4,Garbled,,,,,,,,,,,,,,,,,,,,,,
,FLAG 1N,5,Intermittent,,,,,,,,,,,,,,,,,,,,,,
,FLAG 1N,6,No,,,,,,,,,,,,,,,,,,,,,,
,AK64,1,Indicate her position,,,,,,,,,,,,,,,,,,,,,,
,AK64,2,Remain at safe depth,,,,,,,,,,,,,,,,,,,,,,
,AK64,3,Surface,,,,,,,,,,,,,,,,,,,,,,
,AP13,1,Heavily,,,,,,,,,,,,,,,,,,,,,,
,AP13,2,Lightly,,,,,,,,,,,,,,,,,,,,,,
,AP13,3,Moderately,,,,,,,,,,,,,,,,,,,,,,
,KS8,1,Propeller,,,,,,,,,,,,,,,,,,,,,,
,KS8,2,Sonar dome,,,,,,,,,,,,,,,,,,,,,,
,KS8,3,Aerial,,,,,,,,,,,,,,,,,,,,,,
,KS8,4,Log,,,,,,,,,,,,,,,,,,,,,,
,KS8,5,Stabilizing fin,,,,,,,,,,,,,,,,,,,,,,
,KS8,6,Rudder,,,,,,,,,,,,,,,,,,,,,,
,MU8,1,Aircraft,,,,,,,,,,,,,,,,,,,,,,
,MU8,2,Submarines,,,,,,,,,,,,,,,,,,,,,,
,MU8,3,Surface craft,,,,,,,,,,,,,,,,,,,,,,
,MU12,1,Bearing Free_Text_Tack_1 ( Free_Text_Tack_2 miles),,,,,,,,,,,,,,,,,,,,,,
,MU12,2,Geographical,,,,,,,,,,,,,,,,,,,,,,
,MU34,1,RED,,,,,,,,,,,,,,,,,,,,,,
,MU34,2,YELLOW,,,,,,,,,,,,,,,,,,,,,,
,MU34,3,WHITE,,,,,,,,,,,,,,,,,,,,,,
,NB18,1,Possible,,,,,,,,,,,,,,,,,,,,,,
,NB18,2,Probable,,,,,,,,,,,,,,,,,,,,,,
,NB18,3,Imminent,,,,,,,,,,,,,,,,,,,,,,
,NB19,1,Liquids,,,,,,,,,,,,,,,,,,,,,,
,NB19,2,Aerosol,,,,,,,,,,,,,,,,,,,,,,
,NB19,3,Vapour,,,,,,,,,,,,,,,,,,,,,,
,PE31,1,D/F,,,,,,,,,,,,,,,,,,,,,,
,PE31,2,Intercept,,,,,,,,,,,,,,,,,,,,,,
,PL1,1,Fuel,,,,,,,,,,,,,,,,,,,,,,
,PL1,2,Guard mail,,,,,,,,,,,,,,,,,,,,,,
,PL1,3,Mail,,,,,,,,,,,,,,,,,,,,,,
,PL1,4,Movies,,,,,,,,,,,,,,,,,,,,,,
,PL1,5,Officer courier mail,,,,,,,,,,,,,,,,,,,,,,
,PL1,6,Personnel,,,,,,,,,,,,,,,,,,,,,,
,PL1,7,Stores,,,,,,,,,,,,,,,,,,,,,,
,PL1,8,Ammunition,,,,,,,,,,,,,,,,,,,,,,
,PL1,9,Missile,,,,,,,,,,,,,,,,,,,,,,
,PL1,10,Water,,,,,,,,,,,,,,,,,,,,,,
,PL1,11,Avgas/Avtur,,,,,,,,,,,,,,,,,,,,,,
,PL4,1,AVCAT,,,,,,,,,,,,,,,,,,,,,,
,PL4,2,Aviation gasoline,,,,,,,,,,,,,,,,,,,,,,
,PL4,3,Burnable oil,,,,,,,,,,,,,,,,,,,,,,
,PL4,4,Diesel oil,,,,,,,,,,,,,,,,,,,,,,
,PL4,5,Gasoline,,,,,,,,,,,,,,,,,,,,,,
,PL4,6,Lubricating oil,,,,,,,,,,,,,,,,,,,,,,
,PL4,7,Feed water,,,,,,,,,,,,,,,,,,,,,,
,PL4,8,Portable water,,,,,,,,,,,,,,,,,,,,,,
,PL4,9,JP-5,,,,,,,,,,,,,,,,,,,,,,
,PL4,10,Distillate fuel,,,,,,,,,,,,,,,,,,,,,,
,PL5,1,AVCAT,,,,,,,,,,,,,,,,,,,,,,
,PL5,2,Aviation gasoline,,,,,,,,,,,,,,,,,,,,,,
,PL5,3,Burnable oi,,,,,,,,,,,,,,,,,,,,,,
,PL5,4,Diesel oil,,,,,,,,,,,,,,,,,,,,,,
,PL5,5,Gasoline,,,,,,,,,,,,,,,,,,,,,,
,PL5,6,Lubricating oi,,,,,,,,,,,,,,,,,,,,,,
,PL5,7,Feed water,,,,,,,,,,,,,,,,,,,,,,
,PL5,8,Portable water,,,,,,,,,,,,,,,,,,,,,,
,PL5,9,JP-5,,,,,,,,,,,,,,,,,,,,,,
,PL5,10,Distillate fuel,,,,,,,,,,,,,,,,,,,,,,
,PL8,1,Ammunition,,,,,,,,,,,,,,,,,,,,,,
,PL8,2,Avgas,,,,,,,,,,,,,,,,,,,,,,
,PL8,3,Diesel,,,,,,,,,,,,,,,,,,,,,,
,PL8,4,Distillate,,,,,,,,,,,,,,,,,,,,,,
,PL8,5,Feed water,,,,,,,,,,,,,,,,,,,,,,
,PL8,6,Fleet Freight,,,,,,,,,,,,,,,,,,,,,,
,PL8,7,General stores,,,,,,,,,,,,,,,,,,,,,,
,PL8,8,JP-4,,,,,,,,,,,,,,,,,,,,,,
,PL8,9,JP-5,,,,,,,,,,,,,,,,,,,,,,
,PL8,10,Lube oil,,,,,,,,,,,,,,,,,,,,,,
,PL8,11,Mail,,,,,,,,,,,,,,,,,,,,,,
,PL8,12,Movies,,,,,,,,,,,,,,,,,,,,,,
,PL8,13,Burnable oi,,,,,,,,,,,,,,,,,,,,,,
,PL8,14,Personnel,,,,,,,,,,,,,,,,,,,,,,
,PL8,15,Portable water,,,,,,,,,,,,,,,,,,,,,,
,PL8,16,Provisions,,,,,,,,,,,,,,,,,,,,,,
,PL8,17,Retrograde,,,,,,,,,,,,,,,,,,,,,,
,PL11,1,Will provide,,,,,,,,,,,,,,,,,,,,,,
,PL11,2,Intend to use your,,,,,,,,,,,,,,,,,,,,,,
,PL11,3,Unable to provide,,,,,,,,,,,,,,,,,,,,,,
,PL11,4,Will vee,,,,,,,,,,,,,,,,,,,,,,
,PL11,5,Unable to veer,,,,,,,,,,,,,,,,,,,,,,
,PR7,1,Positive,,,,,,,,,,,,,,,,,,,,,,
,PR7,2,Advisory,,,,,,,,,,,,,,,,,,,,,,
,PR7,3,Broadcast/Intercept,,,,,,,,,,,,,,,,,,,,,,
,PT28,1,Delay launching (until___),,,,,,,,,,,,,,,,,,,,,,
,PT28,2,Delay launching until further orders,,,,,,,,,,,,,,,,,,,,,,
,PT28,3,Delay launching until weather improves,,,,,,,,,,,,,,,,,,,,,,
,PT28,4,Keep a ready deck,,,,,,,,,,,,,,,,,,,,,,
,PT28,5,Launch,,,,,,,,,,,,,,,,,,,,,,
,PT28,6,Pickup,,,,,,,,,,,,,,,,,,,,,,
,PT28,7,Provide,,,,,,,,,,,,,,,,,,,,,,
,PT28,8,Recall,,,,,,,,,,,,,,,,,,,,,,
,PT28,9,Recover,,,,,,,,,,,,,,,,,,,,,,
,PT28,10,Station,,,,,,,,,,,,,,,,,,,,,,
,PT28,11,Rearm,,,,,,,,,,,,,,,,,,,,,,
,PT28,12,Dearm,,,,,,,,,,,,,,,,,,,,,,
,FLAG 7E,1,Centre missile/aircraf,,,,,,,,,,,,,,,,,,,,,,
,FLAG 7E,2,Left hand missile/aircraft,,,,,,,,,,,,,,,,,,,,,,
,FLAG 7E,3,Missile/aircraft bearing Free_Text_Tack_1,,,,,,,,,,,,,,,,,,,,,,
,FLAG 7E,4,Right hand missile/aircraft,,,,,,,,,,,,,,,,,,,,,,
,FLAG 7E,5,Track identity following DESIG Free_Text_Tack_2,,,,,,,,,,,,,,,,,,,,,,
,SE19,1,Below 3 MHz,,,,,,,,,,,,,,,,,,,,,,
,SE19,2,3 to 30 MH,,,,,,,,,,,,,,,,,,,,,,
,SE19,3,100 t0 156 MHz,,,,,,,,,,,,,,,,,,,,,,
,SE19,4,225 to 400 MHz,,,,,,,,,,,,,,,,,,,,,,
,SE19,5,Frequency band from Table E,,,,,,,,,,,,,,,,,,,,,,
,TD4,1,All boats,,,,,,,,,,,,,,,,,,,,,,
,TD4,2,All pulling boats,,,,,,,,,,,,,,,,,,,,,,
,TD4,3,All power boats,,,,,,,,,,,,,,,,,,,,,,
,TD4,4,All sailing boats,,,,,,,,,,,,,,,,,,,,,,
,TD4,5,___boat(s) indicated by DESIG following signal,,,,,,,,,,,,,,,,,,,,,,
,TD5,1,Admiral's barge,,,,,,,,,,,,,,,,,,,,,,
,TD5,2,Armed boat,,,,,,,,,,,,,,,,,,,,,,
,TD5,3,Captain's boat,,,,,,,,,,,,,,,,,,,,,,
,TD5,4,Diving boat,,,,,,,,,,,,,,,,,,,,,,
,TD5,5,Guard boat,,,,,,,,,,,,,,,,,,,,,,
,TD5,6,Helicopter,,,,,,,,,,,,,,,,,,,,,,
,TD5,7,Hospital boat,,,,,,,,,,,,,,,,,,,,,,
,TD5,8,Liberty launch,,,,,,,,,,,,,,,,,,,,,,
,TD5,9,Motor boa,,,,,,,,,,,,,,,,,,,,,,
,TD5,10,Vehicle,,,,,,,,,,,,,,,,,,,,,,
,TD5,11,Life Boat,,,,,,,,,,,,,,,,,,,,,,
,TD5,12,Crash Boat,,,,,,,,,,,,,,,,,,,,,,
,TD5,13,Sea Boat,,,,,,,,,,,,,,,,,,,,,,
,TD5,14,Gemini/Inflatable,,,,,,,,,,,,,,,,,,,,,,
,TD12,1,Admiral's flags,,,,,,,,,,,,,,,,,,,,,,
,TD12,2,Ensign,,,,,,,,,,,,,,,,,,,,,,
,TD12,3,Jack,,,,,,,,,,,,,,,,,,,,,,
,TD12,4,Masthead flags,,,,,,,,,,,,,,,,,,,,,,
,TD17,1,No injury,,,,,,,,,,,,,,,,,,,,,,
,TD17,2,Cranial/neck,,,,,,,,,,,,,,,,,,,,,,
,TD17,3,Thoracic nonpenetrating,,,,,,,,,,,,,,,,,,,,,,
,TD17,4,Thoracic penetrating,,,,,,,,,,,,,,,,,,,,,,
,TD17,5,Abdominal,,,,,,,,,,,,,,,,,,,,,,
,TD17,6,Pelvic,,,,,,,,,,,,,,,,,,,,,,
,TD17,7,Soft tissue wounds,,,,,,,,,,,,,,,,,,,,,,
,TD17,8,"Fracture, simple (closed)",,,,,,,,,,,,,,,,,,,,,,
,TD17,9,"Fracture, compound (open",,,,,,,,,,,,,,,,,,,,,,
,TD29,1,Officer,,,,,,,,,,,,,,,,,,,,,,
,TD29,2,Ratings,,,,,,,,,,,,,,,,,,,,,,
,TK36,1,Blue riding,,,,,,,,,,,,,,,,,,,,,,
,TK36,2,Blue stem,,,,,,,,,,,,,,,,,,,,,,
,TK36,3,Dimmed navigation,,,,,,,,,,,,,,,,,,,,,,
,TK36,4,Dimmed riding,,,,,,,,,,,,,,,,,,,,,,
,TK36,5,Float,,,,,,,,,,,,,,,,,,,,,,
,TK36,6,Mine sweep station keeping,,,,,,,,,,,,,,,,,,,,,,
,TK36,7,Modified darken ship (Vol. I Chapter 9),,,,,,,,,,,,,,,,,,,,,,
,TK36,8,Navigation,,,,,,,,,,,,,,,,,,,,,,
,TK36,9,Red truck,,,,,,,,,,,,,,,,,,,,,,
,TK36,10,Riding,,,,,,,,,,,,,,,,,,,,,,
,TK36,11,Shaded (screened stern),,,,,,,,,,,,,,,,,,,,,,
,TK36,12,Side,,,,,,,,,,,,,,,,,,,,,,
,TK36,13,Special,,,,,,,,,,,,,,,,,,,,,,
,TK36,14,Task,,,,,,,,,,,,,,,,,,,,,,
,TP11,1,North,,,,,,,,,,,,,,,,,,,,,,
,TP11,2,East,,,,,,,,,,,,,,,,,,,,,,
,TP11,3,South,,,,,,,,,,,,,,,,,,,,,,
,TP11,4,West,,,,,,,,,,,,,,,,,,,,,,
,TP13,1,North,,,,,,,,,,,,,,,,,,,,,,
,TP13,2,East,,,,,,,,,,,,,,,,,,,,,,
,TP13,3,South,,,,,,,,,,,,,,,,,,,,,,
,TP13,4,West,,,,,,,,,,,,,,,,,,,,,,
,,,,,,,,,,,,,,,,,,,,,,,,,
,,,,,,,,,,,,,,,,,,,,,,,,,
,,,,,,,,,,,,,,,,,,,,,,,,,
,,,,,,,,,,,,,,,,,,,,,,,,,
,,,,,,,,,,,,,,,,,,,,,,,,,
,,,,,,,,,,,,,,,,,,,,,,,,,
,,,,,,,,,,,,,,,,,,,,,,,,,
,,,,,,,,,,,,,,,,,,,,,,,,,
,,,,,,,,,,,,,,,,,,,,,,,,,
,,,,,,,,,,,,,,,,,,,,,,,,,
,,,,,,,,,,,,,,,,,,,,,,,,,
,,,,,,,,,,,,,,,,,,,,,,,,,
,,,,,,,,,,,,,,,,,,,,,,,,,
,,,,,,,,,,,,,,,,,,,,,,,,,
,,,,,,,,,,,,,,,,,,,,,,,,,
,,,,,,,,,,,,,,,,,,,,,,,,,
,,,,,,,,,,,,,,,,,,,,,,,,,
,,,,,,,,,,,,,,,,,,,,,,,,,
,,,,,,,,,,,,,,,,,,,,,,,,,
,,,,,,,,,,,,,,,,,,,,,,,,,
,,,,,,,,,,,,,,,,,,,,,,,,,
,,,,,,,,,,,,,,,,,,,,,,,,,
,,,,,,,,,,,,,,,,,,,,,,,,,
,,,,,,,,,,,,,,,,,,,,,,,,,
,,,,,,,,,,,,,,,,,,,,,,,,,
,,,,,,,,,,,,,,,,,,,,,,,,,
,,,,,,,,,,,,,,,,,,,,,,,,,
,,,,,,,,,,,,,,,,,,,,,,,,,
,,,,,,,,,,,,,,,,,,,,,,,,,
,,,,,,,,,,,,,,,,,,,,,,,,,
,,,,,,,,,,,,,,,,,,,,,,,,,
,,,,,,,,,,,,,,,,,,,,,,,,,
,,,,,,,,,,,,,,,,,,,,,,,,,
,,,,,,,,,,,,,,,,,,,,,,,,,
,,,,,,,,,,,,,,,,,,,,,,,,,
,,,,,,,,,,,,,,,,,,,,,,,,,
,,,,,,,,,,,,,,,,,,,,,,,,,
,,,,,,,,,,,,,,,,,,,,,,,,,
,,,,,,,,,,,,,,,,,,,,,,,,,
,,,,,,,,,,,,,,,,,,,,,,,,,
,,,,,,,,,,,,,,,,,,,,,,,,,
,,,,,,,,,,,,,,,,,,,,,,,,,
,,,,,,,,,,,,,,,,,,,,,,,,,
,,,,,,,,,,,,,,,,,,,,,,,,,
,,,,,,,,,,,,,,,,,,,,,,,,,
,,,,,,,,,,,,,,,,,,,,,,,,,
,,,,,,,,,,,,,,,,,,,,,,,,,
,,,,,,,,,,,,,,,,,,,,,,,,,
,,,,,,,,,,,,,,,,,,,,,,,,,
,,,,,,,,,,,,,,,,,,,,,,,,,
,,,,,,,,,,,,,,,,,,,,,,,,,
,,,,,,,,,,,,,,,,,,,,,,,,,
,,,,,,,,,,,,,,,,,,,,,,,,,
,,,,,,,,,,,,,,,,,,,,,,,,,
,,,,,,,,,,,,,,,,,,,,,,,,,
,,,,,,,,,,,,,,,,,,,,,,,,,
,,,,,,,,,,,,,,,,,,,,,,,,,
,,,,,,,,,,,,,,,,,,,,,,,,,
,,,,,,,,,,,,,,,,,,,,,,,,,
,,,,,,,,,,,,,,,,,,,,,,,,,
,,,,,,,,,,,,,,,,,,,,,,,,,
,,,,,,,,,,,,,,,,,,,,,,,,,
,,,,,,,,,,,,,,,,,,,,,,,,,
,,,,,,,,,,,,,,,,,,,,,,,,,
,,,,,,,,,,,,,,,,,,,,,,,,,
,,,,,,,,,,,,,,,,,,,,,,,,,
,,,,,,,,,,,,,,,,,,,,,,,,,
,,,,,,,,,,,,,,,,,,,,,,,,,
,,,,,,,,,,,,,,,,,,,,,,,,,
,,,,,,,,,,,,,,,,,,,,,,,,,
,,,,,,,,,,,,,,,,,,,,,,,,,
,,,,,,,,,,,,,,,,,,,,,,,,,
,,,,,,,,,,,,,,,,,,,,,,,,,
,,,,,,,,,,,,,,,,,,,,,,,,,
,,,,,,,,,,,,,,,,,,,,,,,,,
,,,,,,,,,,,,,,,,,,,,,,,,,
,,,,,,,,,,,,,,,,,,,,,,,,,
,,,,,,,,,,,,,,,,,,,,,,,,,
,,,,,,,,,,,,,,,,,,,,,,,,,
,,,,,,,,,,,,,,,,,,,,,,,,,
,,,,,,,,,,,,,,,,,,,,,,,,,
,,,,,,,,,,,,,,,,,,,,,,,,,
,,,,,,,,,,,,,,,,,,,,,,,,,
,,,,,,,,,,,,,,,,,,,,,,,,,
,,,,,,,,,,,,,,,,,,,,,,,,,
,,,,,,,,,,,,,,,,,,,,,,,,,
,,,,,,,,,,,,,,,,,,,,,,,,,
,,,,,,,,,,,,,,,,,,,,,,,,,
,,,,,,,,,,,,,,,,,,,,,,,,,
,,,,,,,,,,,,,,,,,,,,,,,,,
,,,,,,,,,,,,,,,,,,,,,,,,,
,,,,,,,,,,,,,,,,,,,,,,,,,
,,,,,,,,,,,,,,,,,,,,,,,,,
,,,,,,,,,,,,,,,,,,,,,,,,,
,,,,,,,,,,,,,,,,,,,,,,,,,
,,,,,,,,,,,,,,,,,,,,,,,,,
,,,,,,,,,,,,,,,,,,,,,,,,,
,,,,,,,,,,,,,,,,,,,,,,,,,
,,,,,,,,,,,,,,,,,,,,,,,,,
,,,,,,,,,,,,,,,,,,,,,,,,,
,,,,,,,,,,,,,,,,,,,,,,,,,
,,,,,,,,,,,,,,,,,,,,,,,,,
,,,,,,,,,,,,,,,,,,,,,,,,,
,,,,,,,,,,,,,,,,,,,,,,,,,
,,,,,,,,,,,,,,,,,,,,,,,,,
,,,,,,,,,,,,,,,,,,,,,,,,,
,,,,,,,,,,,,,,,,,,,,,,,,,
,,,,,,,,,,,,,,,,,,,,,,,,,
,,,,,,,,,,,,,,,,,,,,,,,,,
,,,,,,,,,,,,,,,,,,,,,,,,,
,,,,,,,,,,,,,,,,,,,,,,,,,
,,,,,,,,,,,,,,,,,,,,,,,,,
,,,,,,,,,,,,,,,,,,,,,,,,,
,,,,,,,,,,,,,,,,,,,,,,,,,
,,,,,,,,,,,,,,,,,,,,,,,,,
,,,,,,,,,,,,,,,,,,,,,,,,,
,,,,,,,,,,,,,,,,,,,,,,,,,
,,,,,,,,,,,,,,,,,,,,,,,,,
,,,,,,,,,,,,,,,,,,,,,,,,,
,,,,,,,,,,,,,,,,,,,,,,,,,
,,,,,,,,,,,,,,,,,,,,,,,,,
,,,,,,,,,,,,,,,,,,,,,,,,,
,,,,,,,,,,,,,,,,,,,,,,,,,
,,,,,,,,,,,,,,,,,,,,,,,,,
,,,,,,,,,,,,,,,,,,,,,,,,,
,,,,,,,,,,,,,,,,,,,,,,,,,
,,,,,,,,,,,,,,,,,,,,,,,,,
,,,,,,,,,,,,,,,,,,,,,,,,,
,,,,,,,,,,,,,,,,,,,,,,,,,
,,,,,,,,,,,,,,,,,,,,,,,,,
,,,,,,,,,,,,,,,,,,,,,,,,,
,,,,,,,,,,,,,,,,,,,,,,,,,
,,,,,,,,,,,,,,,,,,,,,,,,,
,,,,,,,,,,,,,,,,,,,,,,,,,
,,,,,,,,,,,,,,,,,,,,,,,,,
,,,,,,,,,,,,,,,,,,,,,,,,,
,,,,,,,,,,,,,,,,,,,,,,,,,
,,,,,,,,,,,,,,,,,,,,,,,,,
,,,,,,,,,,,,,,,,,,,,,,,,,
,,,,,,,,,,,,,,,,,,,,,,,,,
,,,,,,,,,,,,,,,,,,,,,,,,,
,,,,,,,,,,,,,,,,,,,,,,,,,
,,,,,,,,,,,,,,,,,,,,,,,,,
,,,,,,,,,,,,,,,,,,,,,,,,,
,,,,,,,,,,,,,,,,,,,,,,,,,
,,,,,,,,,,,,,,,,,,,,,,,,,
,,,,,,,,,,,,,,,,,,,,,,,,,
,,,,,,,,,,,,,,,,,,,,,,,,,
,,,,,,,,,,,,,,,,,,,,,,,,,
,,,,,,,,,,,,,,,,,,,,,,,,,
,,,,,,,,,,,,,,,,,,,,,,,,,
,,,,,,,,,,,,,,,,,,,,,,,,,
,,,,,,,,,,,,,,,,,,,,,,,,,
,,,,,,,,,,,,,,,,,,,,,,,,,
,,,,,,,,,,,,,,,,,,,,,,,,,
,,,,,,,,,,,,,,,,,,,,,,,,,
,,,,,,,,,,,,,,,,,,,,,,,,,
,,,,,,,,,,,,,,,,,,,,,,,,,
,,,,,,,,,,,,,,,,,,,,,,,,,
,,,,,,,,,,,,,,,,,,,,,,,,,
,,,,,,,,,,,,,,,,,,,,,,,,,
,,,,,,,,,,,,,,,,,,,,,,,,,
,,,,,,,,,,,,,,,,,,,,,,,,,
,,,,,,,,,,,,,,,,,,,,,,,,,
,,,,,,,,,,,,,,,,,,,,,,,,,
,,,,,,,,,,,,,,,,,,,,,,,,,
,,,,,,,,,,,,,,,,,,,,,,,,,
,,,,,,,,,,,,,,,,,,,,,,,,,
,,,,,,,,,,,,,,,,,,,,,,,,,
,,,,,,,,,,,,,,,,,,,,,,,,,
,,,,,,,,,,,,,,,,,,,,,,,,,
,,,,,,,,,,,,,,,,,,,,,,,,,
,,,,,,,,,,,,,,,,,,,,,,,,,
,,,,,,,,,,,,,,,,,,,,,,,,,
,,,,,,,,,,,,,,,,,,,,,,,,,
,,,,,,,,,,,,,,,,,,,,,,,,,
,,,,,,,,,,,,,,,,,,,,,,,,,
,,,,,,,,,,,,,,,,,,,,,,,,,
,,,,,,,,,,,,,,,,,,,,,,,,,
,,,,,,,,,,,,,,,,,,,,,,,,,
,,,,,,,,,,,,,,,,,,,,,,,,,
,,,,,,,,,,,,,,,,,,,,,,,,,
,,,,,,,,,,,,,,,,,,,,,,,,,
,,,,,,,,,,,,,,,,,,,,,,,,,
,,,,,,,,,,,,,,,,,,,,,,,,,
,,,,,,,,,,,,,,,,,,,,,,,,,
,,,,,,,,,,,,,,,,,,,,,,,,,
,,,,,,,,,,,,,,,,,,,,,,,,,
,,,,,,,,,,,,,,,,,,,,,,,,,
,,,,,,,,,,,,,,,,,,,,,,,,,
,,,,,,,,,,,,,,,,,,,,,,,,,
,,,,,,,,,,,,,,,,,,,,,,,,,
,,,,,,,,,,,,,,,,,,,,,,,,,
,,,,,,,,,,,,,,,,,,,,,,,,,
,,,,,,,,,,,,,,,,,,,,,,,,,
,,,,,,,,,,,,,,,,,,,,,,,,,
,,,,,,,,,,,,,,,,,,,,,,,,,
,,,,,,,,,,,,,,,,,,,,,,,,,
,,,,,,,,,,,,,,,,,,,,,,,,,
,,,,,,,,,,,,,,,,,,,,,,,,,
,,,,,,,,,,,,,,,,,,,,,,,,,
,,,,,,,,,,,,,,,,,,,,,,,,,
,,,,,,,,,,,,,,,,,,,,,,,,,
,,,,,,,,,,,,,,,,,,,,,,,,,
,,,,,,,,,,,,,,,,,,,,,,,,,
,,,,,,,,,,,,,,,,,,,,,,,,,
,,,,,,,,,,,,,,,,,,,,,,,,,
,,,,,,,,,,,,,,,,,,,,,,,,,
,,,,,,,,,,,,,,,,,,,,,,,,,
,,,,,,,,,,,,,,,,,,,,,,,,,
,,,,,,,,,,,,,,,,,,,,,,,,,
,,,,,,,,,,,,,,,,,,,,,,,,,
,,,,,,,,,,,,,,,,,,,,,,,,,
,,,,,,,,,,,,,,,,,,,,,,,,,
,,,,,,,,,,,,,,,,,,,,,,,,,
,,,,,,,,,,,,,,,,,,,,,,,,,
,,,,,,,,,,,,,,,,,,,,,,,,,
,,,,,,,,,,,,,,,,,,,,,,,,,
,,,,,,,,,,,,,,,,,,,,,,,,,
,,,,,,,,,,,,,,,,,,,,,,,,,
,,,,,,,,,,,,,,,,,,,,,,,,,
,,,,,,,,,,,,,,,,,,,,,,,,,
,,,,,,,,,,,,,,,,,,,,,,,,,
,,,,,,,,,,,,,,,,,,,,,,,,,
,,,,,,,,,,,,,,,,,,,,,,,,,
,,,,,,,,,,,,,,,,,,,,,,,,,
,,,,,,,,,,,,,,,,,,,,,,,,,
,,,,,,,,,,,,,,,,,,,,,,,,,
,,,,,,,,,,,,,,,,,,,,,,,,,
,,,,,,,,,,,,,,,,,,,,,,,,,
,,,,,,,,,,,,,,,,,,,,,,,,,
,,,,,,,,,,,,,,,,,,,,,,,,,
,,,,,,,,,,,,,,,,,,,,,,,,,
,,,,,,,,,,,,,,,,,,,,,,,,,
,,,,,,,,,,,,,,,,,,,,,,,,,
,,,,,,,,,,,,,,,,,,,,,,,,,
,,,,,,,,,,,,,,,,,,,,,,,,,
,,,,,,,,,,,,,,,,,,,,,,,,,
,,,,,,,,,,,,,,,,,,,,,,,,,
,,,,,,,,,,,,,,,,,,,,,,,,,
,,,,,,,,,,,,,,,,,,,,,,,,,
,,,,,,,,,,,,,,,,,,,,,,,,,
,,,,,,,,,,,,,,,,,,,,,,,,,
,,,,,,,,,,,,,,,,,,,,,,,,,
,,,,,,,,,,,,,,,,,,,,,,,,,
,,,,,,,,,,,,,,,,,,,,,,,,,
,,,,,,,,,,,,,,,,,,,,,,,,,
,,,,,,,,,,,,,,,,,,,,,,,,,
,,,,,,,,,,,,,,,,,,,,,,,,,
,,,,,,,,,,,,,,,,,,,,,,,,,
,,,,,,,,,,,,,,,,,,,,,,,,,
,,,,,,,,,,,,,,,,,,,,,,,,,
,,,,,,,,,,,,,,,,,,,,,,,,,
,,,,,,,,,,,,,,,,,,,,,,,,,
,,,,,,,,,,,,,,,,,,,,,,,,,
,,,,,,,,,,,,,,,,,,,,,,,,,
,,,,,,,,,,,,,,,,,,,,,,,,,
,,,,,,,,,,,,,,,,,,,,,,,,,
,,,,,,,,,,,,,,,,,,,,,,,,,
,,,,,,,,,,,,,,,,,,,,,,,,,
,,,,,,,,,,,,,,,,,,,,,,,,,
,,,,,,,,,,,,,,,,,,,,,,,,,
,,,,,,,,,,,,,,,,,,,,,,,,,
,,,,,,,,,,,,,,,,,,,,,,,,,
,,,,,,,,,,,,,,,,,,,,,,,,,
,,,,,,,,,,,,,,,,,,,,,,,,,
,,,,,,,,,,,,,,,,,,,,,,,,,
,,,,,,,,,,,,,,,,,,,,,,,,,
,,,,,,,,,,,,,,,,,,,,,,,,,
,,,,,,,,,,,,,,,,,,,,,,,,,
,,,,,,,,,,,,,,,,,,,,,,,,,
,,,,,,,,,,,,,,,,,,,,,,,,,
,,,,,,,,,,,,,,,,,,,,,,,,,
,,,,,,,,,,,,,,,,,,,,,,,,,
,,,,,,,,,,,,,,,,,,,,,,,,,
,,,,,,,,,,,,,,,,,,,,,,,,,
,,,,,,,,,,,,,,,,,,,,,,,,,
,,,,,,,,,,,,,,,,,,,,,,,,,
,,,,,,,,,,,,,,,,,,,,,,,,,
,,,,,,,,,,,,,,,,,,,,,,,,,
,,,,,,,,,,,,,,,,,,,,,,,,,
,,,,,,,,,,,,,,,,,,,,,,,,,
,,,,,,,,,,,,,,,,,,,,,,,,,
,,,,,,,,,,,,,,,,,,,,,,,,,
,,,,,,,,,,,,,,,,,,,,,,,,,
,,,,,,,,,,,,,,,,,,,,,,,,,
,,,,,,,,,,,,,,,,,,,,,,,,,
,,,,,,,,,,,,,,,,,,,,,,,,,
,,,,,,,,,,,,,,,,,,,,,,,,,
,,,,,,,,,,,,,,,,,,,,,,,,,
,,,,,,,,,,,,,,,,,,,,,,,,,
,,,,,,,,,,,,,,,,,,,,,,,,,
,,,,,,,,,,,,,,,,,,,,,,,,,
,,,,,,,,,,,,,,,,,,,,,,,,,
,,,,,,,,,,,,,,,,,,,,,,,,,
,,,,,,,,,,,,,,,,,,,,,,,,,
,,,,,,,,,,,,,,,,,,,,,,,,,
,,,,,,,,,,,,,,,,,,,,,,,,,
,,,,,,,,,,,,,,,,,,,,,,,,,
,,,,,,,,,,,,,,,,,,,,,,,,,
,,,,,,,,,,,,,,,,,,,,,,,,,
,,,,,,,,,,,,,,,,,,,,,,,,,
,,,,,,,,,,,,,,,,,,,,,,,,,
,,,,,,,,,,,,,,,,,,,,,,,,,
,,,,,,,,,,,,,,,,,,,,,,,,,
,,,,,,,,,,,,,,,,,,,,,,,,,
,,,,,,,,,,,,,,,,,,,,,,,,,
,,,,,,,,,,,,,,,,,,,,,,,,,
,,,,,,,,,,,,,,,,,,,,,,,,,
,,,,,,,,,,,,,,,,,,,,,,,,,
,,,,,,,,,,,,,,,,,,,,,,,,,
,,,,,,,,,,,,,,,,,,,,,,,,,
,,,,,,,,,,,,,,,,,,,,,,,,,
,,,,,,,,,,,,,,,,,,,,,,,,,
,,,,,,,,,,,,,,,,,,,,,,,,,
,,,,,,,,,,,,,,,,,,,,,,,,,
,,,,,,,,,,,,,,,,,,,,,,,,,
,,,,,,,,,,,,,,,,,,,,,,,,,
,,,,,,,,,,,,,,,,,,,,,,,,,
,,,,,,,,,,,,,,,,,,,,,,,,,
,,,,,,,,,,,,,,,,,,,,,,,,,
,,,,,,,,,,,,,,,,,,,,,,,,,
,,,,,,,,,,,,,,,,,,,,,,,,,
,,,,,,,,,,,,,,,,,,,,,,,,,
,,,,,,,,,,,,,,,,,,,,,,,,,
,,,,,,,,,,,,,,,,,,,,,,,,,
,,,,,,,,,,,,,,,,,,,,,,,,,
,,,,,,,,,,,,,,,,,,,,,,,,,
,,,,,,,,,,,,,,,,,,,,,,,,,
,,,,,,,,,,,,,,,,,,,,,,,,,
,,,,,,,,,,,,,,,,,,,,,,,,,
,,,,,,,,,,,,,,,,,,,,,,,,,
,,,,,,,,,,,,,,,,,,,,,,,,,
,,,,,,,,,,,,,,,,,,,,,,,,,
,,,,,,,,,,,,,,,,,,,,,,,,,
,,,,,,,,,,,,,,,,,,,,,,,,,
,,,,,,,,,,,,,,,,,,,,,,,,,
,,,,,,,,,,,,,,,,,,,,,,,,,
,,,,,,,,,,,,,,,,,,,,,,,,,
,,,,,,,,,,,,,,,,,,,,,,,,,
,,,,,,,,,,,,,,,,,,,,,,,,,
,,,,,,,,,,,,,,,,,,,,,,,,,
,,,,,,,,,,,,,,,,,,,,,,,,,
,,,,,,,,,,,,,,,,,,,,,,,,,
,,,,,,,,,,,,,,,,,,,,,,,,,
,,,,,,,,,,,,,,,,,,,,,,,,,
,,,,,,,,,,,,,,,,,,,,,,,,,
,,,,,,,,,,,,,,,,,,,,,,,,,
,,,,,,,,,,,,,,,,,,,,,,,,,
,,,,,,,,,,,,,,,,,,,,,,,,,
,,,,,,,,,,,,,,,,,,,,,,,,,
,,,,,,,,,,,,,,,,,,,,,,,,,
,,,,,,,,,,,,,,,,,,,,,,,,,
,,,,,,,,,,,,,,,,,,,,,,,,,
,,,,,,,,,,,,,,,,,,,,,,,,,
,,,,,,,,,,,,,,,,,,,,,,,,,
,,,,,,,,,,,,,,,,,,,,,,,,,
,,,,,,,,,,,,,,,,,,,,,,,,,
,,,,,,,,,,,,,,,,,,,,,,,,,
,,,,,,,,,,,,,,,,,,,,,,,,,
,,,,,,,,,,,,,,,,,,,,,,,,,
,,,,,,,,,,,,,,,,,,,,,,,,,
,,,,,,,,,,,,,,,,,,,,,,,,,
,,,,,,,,,,,,,,,,,,,,,,,,,
,,,,,,,,,,,,,,,,,,,,,,,,,
,,,,,,,,,,,,,,,,,,,,,,,,,
,,,,,,,,,,,,,,,,,,,,,,,,,
,,,,,,,,,,,,,,,,,,,,,,,,,
,,,,,,,,,,,,,,,,,,,,,,,,,
,,,,,,,,,,,,,,,,,,,,,,,,,
,,,,,,,,,,,,,,,,,,,,,,,,,
,,,,,,,,,,,,,,,,,,,,,,,,,
,,,,,,,,,,,,,,,,,,,,,,,,,
,,,,,,,,,,,,,,,,,,,,,,,,,
,,,,,,,,,,,,,,,,,,,,,,,,,
,,,,,,,,,,,,,,,,,,,,,,,,,
,,,,,,,,,,,,,,,,,,,,,,,,,
,,,,,,,,,,,,,,,,,,,,,,,,,
,,,,,,,,,,,,,,,,,,,,,,,,,
,,,,,,,,,,,,,,,,,,,,,,,,,
,,,,,,,,,,,,,,,,,,,,,,,,,
,,,,,,,,,,,,,,,,,,,,,,,,,
,,,,,,,,,,,,,,,,,,,,,,,,,
,,,,,,,,,,,,,,,,,,,,,,,,,
,,,,,,,,,,,,,,,,,,,,,,,,,
,,,,,,,,,,,,,,,,,,,,,,,,,
,,,,,,,,,,,,,,,,,,,,,,,,,
,,,,,,,,,,,,,,,,,,,,,,,,,
,,,,,,,,,,,,,,,,,,,,,,,,,
,,,,,,,,,,,,,,,,,,,,,,,,,
,,,,,,,,,,,,,,,,,,,,,,,,,
,,,,,,,,,,,,,,,,,,,,,,,,,
,,,,,,,,,,,,,,,,,,,,,,,,,
,,,,,,,,,,,,,,,,,,,,,,,,,
,,,,,,,,,,,,,,,,,,,,,,,,,
,,,,,,,,,,,,,,,,,,,,,,,,,
,,,,,,,,,,,,,,,,,,,,,,,,,
,,,,,,,,,,,,,,,,,,,,,,,,,
,,,,,,,,,,,,,,,,,,,,,,,,,
,,,,,,,,,,,,,,,,,,,,,,,,,
,,,,,,,,,,,,,,,,,,,,,,,,,
,,,,,,,,,,,,,,,,,,,,,,,,,
,,,,,,,,,,,,,,,,,,,,,,,,,
,,,,,,,,,,,,,,,,,,,,,,,,,
,,,,,,,,,,,,,,,,,,,,,,,,,
,,,,,,,,,,,,,,,,,,,,,,,,,
,,,,,,,,,,,,,,,,,,,,,,,,,
,,,,,,,,,,,,,,,,,,,,,,,,,
,,,,,,,,,,,,,,,,,,,,,,,,,
,,,,,,,,,,,,,,,,,,,,,,,,,
,,,,,,,,,,,,,,,,,,,,,,,,,
,,,,,,,,,,,,,,,,,,,,,,,,,
,,,,,,,,,,,,,,,,,,,,,,,,,
,,,,,,,,,,,,,,,,,,,,,,,,,
,,,,,,,,,,,,,,,,,,,,,,,,,
,,,,,,,,,,,,,,,,,,,,,,,,,
,,,,,,,,,,,,,,,,,,,,,,,,,
,,,,,,,,,,,,,,,,,,,,,,,,,
,,,,,,,,,,,,,,,,,,,,,,,,,
,,,,,,,,,,,,,,,,,,,,,,,,,
,,,,,,,,,,,,,,,,,,,,,,,,,
,,,,,,,,,,,,,,,,,,,,,,,,,
,,,,,,,,,,,,,,,,,,,,,,,,,
,,,,,,,,,,,,,,,,,,,,,,,,,
,,,,,,,,,,,,,,,,,,,,,,,,,
,,,,,,,,,,,,,,,,,,,,,,,,,
,,,,,,,,,,,,,,,,,,,,,,,,,
,,,,,,,,,,,,,,,,,,,,,,,,,
,,,,,,,,,,,,,,,,,,,,,,,,,
,,,,,,,,,,,,,,,,,,,,,,,,,
,,,,,,,,,,,,,,,,,,,,,,,,,
,,,,,,,,,,,,,,,,,,,,,,,,,
,,,,,,,,,,,,,,,,,,,,,,,,,
,,,,,,,,,,,,,,,,,,,,,,,,,
,,,,,,,,,,,,,,,,,,,,,,,,,
,,,,,,,,,,,,,,,,,,,,,,,,,
,,,,,,,,,,,,,,,,,,,,,,,,,
,,,,,,,,,,,,,,,,,,,,,,,,,
,,,,,,,,,,,,,,,,,,,,,,,,,
,,,,,,,,,,,,,,,,,,,,,,,,,
,,,,,,,,,,,,,,,,,,,,,,,,,
,,,,,,,,,,,,,,,,,,,,,,,,,
,,,,,,,,,,,,,,,,,,,,,,,,,
,,,,,,,,,,,,,,,,,,,,,,,,,
,,,,,,,,,,,,,,,,,,,,,,,,,
,,,,,,,,,,,,,,,,,,,,,,,,,
,,,,,,,,,,,,,,,,,,,,,,,,,
,,,,,,,,,,,,,,,,,,,,,,,,,
,,,,,,,,,,,,,,,,,,,,,,,,,
,,,,,,,,,,,,,,,,,,,,,,,,,
,,,,,,,,,,,,,,,,,,,,,,,,,
,,,,,,,,,,,,,,,,,,,,,,,,,
,,,,,,,,,,,,,,,,,,,,,,,,,
,,,,,,,,,,,,,,,,,,,,,,,,,
,,,,,,,,,,,,,,,,,,,,,,,,,
,,,,,,,,,,,,,,,,,,,,,,,,,
,,,,,,,,,,,,,,,,,,,,,,,,,
,,,,,,,,,,,,,,,,,,,,,,,,,
,,,,,,,,,,,,,,,,,,,,,,,,,
,,,,,,,,,,,,,,,,,,,,,,,,,
,,,,,,,,,,,,,,,,,,,,,,,,,
,,,,,,,,,,,,,,,,,,,,,,,,,
,,,,,,,,,,,,,,,,,,,,,,,,,
,,,,,,,,,,,,,,,,,,,,,,,,,
,,,,,,,,,,,,,,,,,,,,,,,,,
,,,,,,,,,,,,,,,,,,,,,,,,,
,,,,,,,,,,,,,,,,,,,,,,,,,
,,,,,,,,,,,,,,,,,,,,,,,,,
,,,,,,,,,,,,,,,,,,,,,,,,,
,,,,,,,,,,,,,,,,,,,,,,,,,
,,,,,,,,,,,,,,,,,,,,,,,,,
,,,,,,,,,,,,,,,,,,,,,,,,,
,,,,,,,,,,,,,,,,,,,,,,,,,
,,,,,,,,,,,,,,,,,,,,,,,,,
,,,,,,,,,,,,,,,,,,,,,,,,,
,,,,,,,,,,,,,,,,,,,,,,,,,
,,,,,,,,,,,,,,,,,,,,,,,,,
,,,,,,,,,,,,,,,,,,,,,,,,,
,,,,,,,,,,,,,,,,,,,,,,,,,
,,,,,,,,,,,,,,,,,,,,,,,,,
,,,,,,,,,,,,,,,,,,,,,,,,,
,,,,,,,,,,,,,,,,,,,,,,,,,
,,,,,,,,,,,,,,,,,,,,,,,,,
,,,,,,,,,,,,,,,,,,,,,,,,,
,,,,,,,,,,,,,,,,,,,,,,,,,
,,,,,,,,,,,,,,,,,,,,,,,,,
,,,,,,,,,,,,,,,,,,,,,,,,,
,,,,,,,,,,,,,,,,,,,,,,,,,
,,,,,,,,,,,,,,,,,,,,,,,,,
,,,,,,,,,,,,,,,,,,,,,,,,,
,,,,,,,,,,,,,,,,,,,,,,,,,
,,,,,,,,,,,,,,,,,,,,,,,,,
,,,,,,,,,,,,,,,,,,,,,,,,,
,,,,,,,,,,,,,,,,,,,,,,,,,
,,,,,,,,,,,,,,,,,,,,,,,,,
,,,,,,,,,,,,,,,,,,,,,,,,,
,,,,,,,,,,,,,,,,,,,,,,,,,
,,,,,,,,,,,,,,,,,,,,,,,,,
,,,,,,,,,,,,,,,,,,,,,,,,,
,,,,,,,,,,,,,,,,,,,,,,,,,
,,,,,,,,,,,,,,,,,,,,,,,,,
,,,,,,,,,,,,,,,,,,,,,,,,,
,,,,,,,,,,,,,,,,,,,,,,,,,
,,,,,,,,,,,,,,,,,,,,,,,,,
,,,,,,,,,,,,,,,,,,,,,,,,,
,,,,,,,,,,,,,,,,,,,,,,,,,
,,,,,,,,,,,,,,,,,,,,,,,,,
,,,,,,,,,,,,,,,,,,,,,,,,,
,,,,,,,,,,,,,,,,,,,,,,,,,
,,,,,,,,,,,,,,,,,,,,,,,,,
,,,,,,,,,,,,,,,,,,,,,,,,,
,,,,,,,,,,,,,,,,,,,,,,,,,
,,,,,,,,,,,,,,,,,,,,,,,,,
,,,,,,,,,,,,,,,,,,,,,,,,,
,,,,,,,,,,,,,,,,,,,,,,,,,
,,,,,,,,,,,,,,,,,,,,,,,,,
,,,,,,,,,,,,,,,,,,,,,,,,,
,,,,,,,,,,,,,,,,,,,,,,,,,
,,,,,,,,,,,,,,,,,,,,,,,,,
,,,,,,,,,,,,,,,,,,,,,,,,,
,,,,,,,,,,,,,,,,,,,,,,,,,
,,,,,,,,,,,,,,,,,,,,,,,,,
,,,,,,,,,,,,,,,,,,,,,,,,,
,,,,,,,,,,,,,,,,,,,,,,,,,
,,,,,,,,,,,,,,,,,,,,,,,,,
,,,,,,,,,,,,,,,,,,,,,,,,,
,,,,,,,,,,,,,,,,,,,,,,,,,
,,,,,,,,,,,,,,,,,,,,,,,,,
,,,,,,,,,,,,,,,,,,,,,,,,,
,,,,,,,,,,,,,,,,,,,,,,,,,
,,,,,,,,,,,,,,,,,,,,,,,,,
,,,,,,,,,,,,,,,,,,,,,,,,,
,,,,,,,,,,,,,,,,,,,,,,,,,
,,,,,,,,,,,,,,,,,,,,,,,,,
,,,,,,,,,,,,,,,,,,,,,,,,,
,,,,,,,,,,,,,,,,,,,,,,,,,
,,,,,,,,,,,,,,,,,,,,,,,,,
,,,,,,,,,,,,,,,,,,,,,,,,,
,,,,,,,,,,,,,,,,,,,,,,,,,
,,,,,,,,,,,,,,,,,,,,,,,,,
,,,,,,,,,,,,,,,,,,,,,,,,,
,,,,,,,,,,,,,,,,,,,,,,,,,
,,,,,,,,,,,,,,,,,,,,,,,,,
,,,,,,,,,,,,,,,,,,,,,,,,,
,,,,,,,,,,,,,,,,,,,,,,,,,
,,,,,,,,,,,,,,,,,,,,,,,,,
,,,,,,,,,,,,,,,,,,,,,,,,,
,,,,,,,,,,,,,,,,,,,,,,,,,
,,,,,,,,,,,,,,,,,,,,,,,,,
,,,,,,,,,,,,,,,,,,,,,,,,,
,,,,,,,,,,,,,,,,,,,,,,,,,
,,,,,,,,,,,,,,,,,,,,,,,,,
,,,,,,,,,,,,,,,,,,,,,,,,,
,,,,,,,,,,,,,,,,,,,,,,,,,
,,,,,,,,,,,,,,,,,,,,,,,,,
,,,,,,,,,,,,,,,,,,,,,,,,,
,,,,,,,,,,,,,,,,,,,,,,,,,
,,,,,,,,,,,,,,,,,,,,,,,,,
,,,,,,,,,,,,,,,,,,,,,,,,,
,,,,,,,,,,,,,,,,,,,,,,,,,
,,,,,,,,,,,,,,,,,,,,,,,,,
,,,,,,,,,,,,,,,,,,,,,,,,,
,,,,,,,,,,,,,,,,,,,,,,,,,
,,,,,,,,,,,,,,,,,,,,,,,,,
,,,,,,,,,,,,,,,,,,,,,,,,,
,,,,,,,,,,,,,,,,,,,,,,,,,
,,,,,,,,,,,,,,,,,,,,,,,,,
,,,,,,,,,,,,,,,,,,,,,,,,,
,,,,,,,,,,,,,,,,,,,,,,,,,
,,,,,,,,,,,,,,,,,,,,,,,,,
,,,,,,,,,,,,,,,,,,,,,,,,,
,,,,,,,,,,,,,,,,,,,,,,,,,
,,,,,,,,,,,,,,,,,,,,,,,,,
,,,,,,,,,,,,,,,,,,,,,,,,,
,,,,,,,,,,,,,,,,,,,,,,,,,
,,,,,,,,,,,,,,,,,,,,,,,,,
,,,,,,,,,,,,,,,,,,,,,,,,,
,,,,,,,,,,,,,,,,,,,,,,,,,
,,,,,,,,,,,,,,,,,,,,,,,,,
,,,,,,,,,,,,,,,,,,,,,,,,,
,,,,,,,,,,,,,,,,,,,,,,,,,
,,,,,,,,,,,,,,,,,,,,,,,,,
,,,,,,,,,,,,,,,,,,,,,,,,,
,,,,,,,,,,,,,,,,,,,,,,,,,
,,,,,,,,,,,,,,,,,,,,,,,,,
,,,,,,,,,,,,,,,,,,,,,,,,,
,,,,,,,,,,,,,,,,,,,,,,,,,
,,,,,,,,,,,,,,,,,,,,,,,,,
,,,,,,,,,,,,,,,,,,,,,,,,,
,,,,,,,,,,,,,,,,,,,,,,,,,
,,,,,,,,,,,,,,,,,,,,,,,,,
,,,,,,,,,,,,,,,,,,,,,,,,,
,,,,,,,,,,,,,,,,,,,,,,,,,
,,,,,,,,,,,,,,,,,,,,,,,,,
,,,,,,,,,,,,,,,,,,,,,,,,,
,,,,,,,,,,,,,,,,,,,,,,,,,
,,,,,,,,,,,,,,,,,,,,,,,,,
,,,,,,,,,,,,,,,,,,,,,,,,,
,,,,,,,,,,,,,,,,,,,,,,,,,
,,,,,,,,,,,,,,,,,,,,,,,,,
,,,,,,,,,,,,,,,,,,,,,,,,,
,,,,,,,,,,,,,,,,,,,,,,,,,
,,,,,,,,,,,,,,,,,,,,,,,,,
,,,,,,,,,,,,,,,,,,,,,,,,,
,,,,,,,,,,,,,,,,,,,,,,,,,
,,,,,,,,,,,,,,,,,,,,,,,,,
,,,,,,,,,,,,,,,,,,,,,,,,,
,,,,,,,,,,,,,,,,,,,,,,,,,
,,,,,,,,,,,,,,,,,,,,,,,,,
,,,,,,,,,,,,,,,,,,,,,,,,,
,,,,,,,,,,,,,,,,,,,,,,,,,
,,,,,,,,,,,,,,,,,,,,,,,,,
,,,,,,,,,,,,,,,,,,,,,,,,,
,,,,,,,,,,,,,,,,,,,,,,,,,
,,,,,,,,,,,,,,,,,,,,,,,,,
,,,,,,,,,,,,,,,,,,,,,,,,,
,,,,,,,,,,,,,,,,,,,,,,,,,
,,,,,,,,,,,,,,,,,,,,,,,,,
,,,,,,,,,,,,,,,,,,,,,,,,,
,,,,,,,,,,,,,,,,,,,,,,,,,
,,,,,,,,,,,,,,,,,,,,,,,,,
,,,,,,,,,,,,,,,,,,,,,,,,,
,,,,,,,,,,,,,,,,,,,,,,,,,
,,,,,,,,,,,,,,,,,,,,,,,,,
,,,,,,,,,,,,,,,,,,,,,,,,,
,,,,,,,,,,,,,,,,,,,,,,,,,
,,,,,,,,,,,,,,,,,,,,,,,,,
,,,,,,,,,,,,,,,,,,,,,,,,,
,,,,,,,,,,,,,,,,,,,,,,,,,
,,,,,,,,,,,,,,,,,,,,,,,,,
,,,,,,,,,,,,,,,,,,,,,,,,,
,,,,,,,,,,,,,,,,,,,,,,,,,
,,,,,,,,,,,,,,,,,,,,,,,,,
,,,,,,,,,,,,,,,,,,,,,,,,,
,,,,,,,,,,,,,,,,,,,,,,,,,
,,,,,,,,,,,,,,,,,,,,,,,,,
,,,,,,,,,,,,,,,,,,,,,,,,,
,,,,,,,,,,,,,,,,,,,,,,,,,
,,,,,,,,,,,,,,,,,,,,,,,,,
,,,,,,,,,,,,,,,,,,,,,,,,,
,,,,,,,,,,,,,,,,,,,,,,,,,
,,,,,,,,,,,,,,,,,,,,,,,,,
,,,,,,,,,,,,,,,,,,,,,,,,,
,,,,,,,,,,,,,,,,,,,,,,,,,
,,,,,,,,,,,,,,,,,,,,,,,,,
,,,,,,,,,,,,,,,,,,,,,,,,,
,,,,,,,,,,,,,,,,,,,,,,,,,
,,,,,,,,,,,,,,,,,,,,,,,,,
,,,,,,,,,,,,,,,,,,,,,,,,,
,,,,,,,,,,,,,,,,,,,,,,,,,
,,,,,,,,,,,,,,,,,,,,,,,,,
,,,,,,,,,,,,,,,,,,,,,,,,,
,,,,,,,,,,,,,,,,,,,,,,,,,
,,,,,,,,,,,,,,,,,,,,,,,,,
,,,,,,,,,,,,,,,,,,,,,,,,,
,,,,,,,,,,,,,,,,,,,,,,,,,
,,,,,,,,,,,,,,,,,,,,,,,,,
,,,,,,,,,,,,,,,,,,,,,,,,,
,,,,,,,,,,,,,,,,,,,,,,,,,
,,,,,,,,,,,,,,,,,,,,,,,,,
,,,,,,,,,,,,,,,,,,,,,,,,,
,,,,,,,,,,,,,,,,,,,,,,,,,
,,,,,,,,,,,,,,,,,,,,,,,,,
,,,,,,,,,,,,,,,,,,,,,,,,,
,,,,,,,,,,,,,,,,,,,,,,,,,
,,,,,,,,,,,,,,,,,,,,,,,,,
,,,,,,,,,,,,,,,,,,,,,,,,,
,,,,,,,,,,,,,,,,,,,,,,,,,
,,,,,,,,,,,,,,,,,,,,,,,,,
,,,,,,,,,,,,,,,,,,,,,,,,,
,,,,,,,,,,,,,,,,,,,,,,,,,
,,,,,,,,,,,,,,,,,,,,,,,,,
,,,,,,,,,,,,,,,,,,,,,,,,,
,,,,,,,,,,,,,,,,,,,,,,,,,
,,,,,,,,,,,,,,,,,,,,,,,,,
,,,,,,,,,,,,,,,,,,,,,,,,,
,,,,,,,,,,,,,,,,,,,,,,,,,
,,,,,,,,,,,,,,,,,,,,,,,,,
,,,,,,,,,,,,,,,,,,,,,,,,,
,,,,,,,,,,,,,,,,,,,,,,,,,
,,,,,,,,,,,,,,,,,,,,,,,,,
,,,,,,,,,,,,,,,,,,,,,,,,,
,,,,,,,,,,,,,,,,,,,,,,,,,
,,,,,,,,,,,,,,,,,,,,,,,,,
,,,,,,,,,,,,,,,,,,,,,,,,,
,,,,,,,,,,,,,,,,,,,,,,,,,
,,,,,,,,,,,,,,,,,,,,,,,,,
,,,,,,,,,,,,,,,,,,,,,,,,,
,,,,,,,,,,,,,,,,,,,,,,,,,
,,,,,,,,,,,,,,,,,,,,,,,,,
,,,,,,,,,,,,,,,,,,,,,,,,,
,,,,,,,,,,,,,,,,,,,,,,,,,
,,,,,,,,,,,,,,,,,,,,,,,,,
,,,,,,,,,,,,,,,,,,,,,,,,,
,,,,,,,,,,,,,,,,,,,,,,,,,
,,,,,,,,,,,,,,,,,,,,,,,,,
,,,,,,,,,,,,,,,,,,,,,,,,,
,,,,,,,,,,,,,,,,,,,,,,,,,
,,,,,,,,,,,,,,,,,,,,,,,,,
,,,,,,,,,,,,,,,,,,,,,,,,,
,,,,,,,,,,,,,,,,,,,,,,,,,
,,,,,,,,,,,,,,,,,,,,,,,,,
,,,,,,,,,,,,,,,,,,,,,,,,,
,,,,,,,,,,,,,,,,,,,,,,,,,
,,,,,,,,,,,,,,,,,,,,,,,,,
,,,,,,,,,,,,,,,,,,,,,,,,,
,,,,,,,,,,,,,,,,,,,,,,,,,
,,,,,,,,,,,,,,,,,,,,,,,,,
,,,,,,,,,,,,,,,,,,,,,,,,,
,,,,,,,,,,,,,,,,,,,,,,,,,
,,,,,,,,,,,,,,,,,,,,,,,,,
,,,,,,,,,,,,,,,,,,,,,,,,,
,,,,,,,,,,,,,,,,,,,,,,,,,
,,,,,,,,,,,,,,,,,,,,,,,,,
,,,,,,,,,,,,,,,,,,,,,,,,,
,PA28,4,Military grid reference,,,,,,,,,,,,,,,,,,,,,,
,PA28,5,Universal Transverse Mercator,,,,,,,,,,,,,,,,,,,,,,
,PA28,6,Local Tactical Grid (LTG),,,,,,,,,,,,,,,,,,,,,,
,PA29,1,The reference position of the OTC now (or at _____),,,,,,,,,,,,,,,,,,,,,,
,PA29,2,Geographical position,,,,,,,,,,,,,,,,,,,,,,
,PA29,3,"Lettered position __ , previously issued. __",,,,,,,,,,,,,,,,,,,,,,
,PA34,1,Arrival,,,,,,,,,,,,,,,,,,,,,,
,PA34,2,Commencement of serial or event (number ___),,,,,,,,,,,,,,,,,,,,,,
,PA34,3,Commencement of flight operations,,,,,,,,,,,,,,,,,,,,,,
,PA34,4,Commencement of replenishment,,,,,,,,,,,,,,,,,,,,,,
,PA34,5,Completion of serial or event (number ___),,,,,,,,,,,,,,,,,,,,,,
,PA34,6,Completion of flight operations,,,,,,,,,,,,,,,,,,,,,,
,PA34,7,Completion of replenishment,,,,,,,,,,,,,,,,,,,,,,
,PA34,8,Departure,,,,,,,,,,,,,,,,,,,,,,
,PA34,9,Rejoining,,,,,,,,,,,,,,,,,,,,,,
,PA35,1,Sinuators,,,,,,,,,,,,,,,,,,,,,,
,PA35,2,Watches,,,,,,,,,,,,,,,,,,,,,,
,PA35,3,"Zigzag clock. If a zigzag diagram is in force, this signal is to be executed at the time a turn is due to be made",,,,,,,,,,,,,,,,,,,,,,
,PE1,1,This circuit or circuit indicated,,,,,,,,,,,,,,,,,,,,,,
,PE1,2,Frequency of Free_Text_Tack_1 MHz,,,,,,,,,,,,,,,,,,,,,,
,PE1,3,In accordance with Table E,,,,,,,,,,,,,,,,,,,,,,
,PE1,4,Spot No _,,,,,,,,,,,,,,,,,,,,,,
,PE7,1,This circuit or circuit indicated,,,,,,,,,,,,,,,,,,,,,,
,PE7,2,Frequency of __ MHz,,,,,,,,,,,,,,,,,,,,,,
,PE7,3,In accordance with Table E.,,,,,,,,,,,,,,,,,,,,,,
,PE7,4,Spot No ___,,,,,,,,,,,,,,,,,,,,,,
,PE9,1,Make __ sweeps on __ radar (type or frequency band from Table E).,,,,,,,,,,,,,,,,,,,,,,
,PE18,1,Suspected of sending false (deceptive) traffic,,,,,,,,,,,,,,,,,,,,,,
,PE18,2,Using our authentication system,,,,,,,,,,,,,,,,,,,,,,
,PE18,3,Using our call signs,,,,,,,,,,,,,,,,,,,,,,
,PE19,1,Break-lock,,,,,,,,,,,,,,,,,,,,,,
,PE19,2,Communications deception,,,,,,,,,,,,,,,,,,,,,,
,PE19,3,Communication jamming,,,,,,,,,,,,,,,,,,,,,,
,PE19,4,Decoys (mechanical reflectors),,,,,,,,,,,,,,,,,,,,,,
,PE19,5,Radar deception,,,,,,,,,,,,,,,,,,,,,,
,PE19,6,Radar jamming,,,,,,,,,,,,,,,,,,,,,,
,PE19,7,Unidentified,,,,,,,,,,,,,,,,,,,,,,
,PE19,8,Window/Chaff,,,,,,,,,,,,,,,,,,,,,,
,PE20,1,Can track intermittently,,,,,,,,,,,,,,,,,,,,,,
,PE20,2,Jamming only affects equipment type or frequency band indicated from Table E,,,,,,,,,,,,,,,,,,,,,,
,PE20,3,No difficulty in tracking targets,,,,,,,,,,,,,,,,,,,,,,
,PE20,4,Unable to lock on targets,,,,,,,,,,,,,,,,,,,,,,
,PE20,5,Unable to track targets,,,,,,,,,,,,,,,,,,,,,,
,PE27,1,Active electronic jamming,,,,,,,,,,,,,,,,,,,,,,
,PE27,2,Communications,,,,,,,,,,,,,,,,,,,,,,
,PE27,3,Homing beacon,,,,,,,,,,,,,,,,,,,,,,
,PE27,4,IFF,,,,,,,,,,,,,,,,,,,,,,
,PE27,5,Other equipment (from Table E),,,,,,,,,,,,,,,,,,,,,,
,PE27,6,Radar,,,,,,,,,,,,,,,,,,,,,,
,PE27,7,Sonar,,,,,,,,,,,,,,,,,,,,,,
,PE28,1,Communications,,,,,,,,,,,,,,,,,,,,,,
,PE28,2,Guided missile,,,,,,,,,,,,,,,,,,,,,,
,PE28,3,Jamming,,,,,,,,,,,,,,,,,,,,,,
,PE28,4,NavIgational,,,,,,,,,,,,,,,,,,,,,,
,PE28,5,Proximity fuse,,,,,,,,,,,,,,,,,,,,,,
,PE28,6,"Radar, airborne source",,,,,,,,,,,,,,,,,,,,,,
,PE28,7,"Radar, shipborne source",,,,,,,,,,,,,,,,,,,,,,
,PE28,8,"Radar, submarine source",,,,,,,,,,,,,,,,,,,,,,
,PE28,9,"Radar, submarine source",,,,,,,,,,,,,,,,,,,,,,
,PE28,10,Infra-red,,,,,,,,,,,,,,,,,,,,,,
,PE36,1,Deception,,,,,,,,,,,,,,,,,,,,,,
,PE36,2,Noise,,,,,,,,,,,,,,,,,,,,,,
,PE37,1,"Aircraft, few",,,,,,,,,,,,,,,,,,,,,,
,PE37,2,"Aircraft, many",,,,,,,,,,,,,,,,,,,,,,
,PE37,3,"ship,large",,,,,,,,,,,,,,,,,,,,,,
,PE37,4,"ship,small",,,,,,,,,,,,,,,,,,,,,,
,PE37,5,Submarine snorf,,,,,,,,,,,,,,,,,,,,,,
,PE37,6,Task group,,,,,,,,,,,,,,,,,,,,,,
,PL3,1,"Heaving line, my STBD side.",,,,,,,,,,,,,,,,,,,,,,
,PL3,2,"Heaving line, my PORT side.",,,,,,,,,,,,,,,,,,,,,,
,PL3,3,"High line/jackstay, my STBD side.",,,,,,,,,,,,,,,,,,,,,,
,PL3,4,"High line/jackstay, my PORT side.",,,,,,,,,,,,,,,,,,,,,,
,PL6,1,I will provide,,,,,,,,,,,,,,,,,,,,,,
,PL6,2,You provide,,,,,,,,,,,,,,,,,,,,,,
,PL10,1,STBD side Qn order of call signs),,,,,,,,,,,,,,,,,,,,,,
,PL10,2,PORT side Qn order of call signs),,,,,,,,,,,,,,,,,,,,,,
,PL12,1,Commence,,,,,,,,,,,,,,,,,,,,,,
,PL12,2,Prepare,,,,,,,,,,,,,,,,,,,,,,
,PL12,3,Resume,,,,,,,,,,,,,,,,,,,,,,
,PL12,4,Cease,,,,,,,,,,,,,,,,,,,,,,
,PL12,5,Ready,,,,,,,,,,,,,,,,,,,,,,
,PR2,1,ASW Commander,,,,,,,,,,,,,,,,,,,,,,
,PR2,2,ASW Sector Commander (sector may be designated by letters/numerals following DESIG),,,,,,,,,,,,,,,,,,,,,,
,PR2,3,FAAWC,,,,,,,,,,,,,,,,,,,,,,
,PR2,4,LAAWC,,,,,,,,,,,,,,,,,,,,,,
,PR2,5,OCE,,,,,,,,,,,,,,,,,,,,,,
,PR2,6,OCS,,,,,,,,,,,,,,,,,,,,,,
,PR2,7,OTC,,,,,,,,,,,,,,,,,,,,,,
,PR2,8,SAAWC (sector may be designated by letters/numeralsfollowing DESIG.,,,,,,,,,,,,,,,,,,,,,,
,PR2,9,Scene of Action Commander,,,,,,,,,,,,,,,,,,,,,,
,PR2,10,Screen Commander,,,,,,,,,,,,,,,,,,,,,,
,PR2,11,Search and AttaCk Unit Commander,,,,,,,,,,,,,,,,,,,,,,
,PR2,12,Surface Action Group Commander,,,,,,,,,,,,,,,,,,,,,,
,PR2,13,Blue Force Commander,,,,,,,,,,,,,,,,,,,,,,
,PR2,14,Orange Force Commande,,,,,,,,,,,,,,,,,,,,,,
,PR2,15,Div Commander,,,,,,,,,,,,,,,,,,,,,,
,PR2,16,Sub-Div Commande,,,,,,,,,,,,,,,,,,,,,,
,PR2,17,Boarding Commande,,,,,,,,,,,,,,,,,,,,,,
,PR2,18,CTF,,,,,,,,,,,,,,,,,,,,,,
,PR2,19,CTG,,,,,,,,,,,,,,,,,,,,,,
,PR2,20,CTU,,,,,,,,,,,,,,,,,,,,,,
,PR2,21,CTE,,,,,,,,,,,,,,,,,,,,,,
,PR2,22,On Scene Commander,,,,,,,,,,,,,,,,,,,,,,
,PR3,1,Acting Screen Commander designate is __,,,,,,,,,,,,,,,,,,,,,,
,PR3,2,Commander of unit___ is in____,,,,,,,,,,,,,,,,,,,,,,
,PR3,3,OCE is __ (in__),,,,,,,,,,,,,,,,,,,,,,
,PR3,4,OCS is __ (in __),,,,,,,,,,,,,,,,,,,,,,
,PR3,5,OTC is __ (in __),,,,,,,,,,,,,,,,,,,,,,
,PR3,6,Screen Commander is __ (in __),,,,,,,,,,,,,,,,,,,,,,
,PR10,1,Task,,,,,,,,,,,,,,,,,,,,,,
,PR10,2,Type,,,,,,,,,,,,,,,,,,,,,,
,PR11,1,Sequence numbers in order of call signs following Free_Text_Tack_1,,,,,,,,,,,,,,,,,,,,,,
,PR11,2,Composition of divisions/subdivision (sequence numbers following unit indicators) Free_Text_Tack_2,,,,,,,,,,,,,,,,,,,,,,
,PR11,3,Division commanders are to be (sequence numbers) Free_Text_Tack_3,,,,,,,,,,,,,,,,,,,,,,
,PR11,4,Subdivision commanders are to be ( sequence numbers) Free_Text_Tack_4,,,,,,,,,,,,,,,,,,,,,,
,PR12,1,Use,,,,,,,,,,,,,,,,,,,,,,
,PR13,1,Using support situation A,,,,,,,,,,,,,,,,,,,,,,
,PR13,2,Using support situation B,,,,,,,,,,,,,,,,,,,,,,
,PR13,3,Using support situation C,,,,,,,,,,,,,,,,,,,,,,
,PR14,1,I am assuming tactical command of this unit or unit indicated,,,,,,,,,,,,,,,,,,,,,,
,PR14,2,I have resumed tactical command of this unit or unit indicated,,,,,,,,,,,,,,,,,,,,,,
,PR16,1,And conduct the exercise,,,,,,,,,,,,,,,,,,,,,,
,PR16,2,And proceed as previously directed,,,,,,,,,,,,,,,,,,,,,,
,PR16,3,And proceed to port,,,,,,,,,,,,,,,,,,,,,,
,PR16,4,Of force (or ____) and manoeuvre as necessary for flying operations,,,,,,,,,,,,,,,,,,,,,,
,PR16,5,Of force (or _____) for manoeuvres,,,,,,,,,,,,,,,,,,,,,,
,PR16,6,Of operations,,,,,,,,,,,,,,,,,,,,,,
,PR19,1,NATPOL ALPHA - De-escalation.,,,,,,,,,,,,,,,,,,,,,,
,PR19,2,NATPOL BRAVO - Maintain Status Quo.,,,,,,,,,,,,,,,,,,,,,,
,PR19,3,NATPOL CHARLIE - Escalation.,,,,,,,,,,,,,,,,,,,,,,
,PT7,1,Crashed,,,,,,,,,,,,,,,,,,,,,,
,PT7,2,Engine failure,,,,,,,,,,,,,,,,,,,,,,
,PT7,3,Forced down/landing,,,,,,,,,,,,,,,,,,,,,,
,PT7,4,Make a slick for emergency landing,,,,,,,,,,,,,,,,,,,,,,
,PT7,5,On fire,,,,,,,,,,,,,,,,,,,,,,
,PT7,6,Overdue,,,,,,,,,,,,,,,,,,,,,,
,PT7,7,Recover aircraft in distress,,,,,,,,,,,,,,,,,,,,,,
,PT7,8,Rescue personnel. Abandon aircraft,,,,,,,,,,,,,,,,,,,,,,
,PT7,9,Rescue personnel. Recover aircraft,,,,,,,,,,,,,,,,,,,,,,
,PT7,10,Showing IFF distress,,,,,,,,,,,,,,,,,,,,,,
,PT7,11,Ditching,,,,,,,,,,,,,,,,,,,,,,
,PT10,A,Unhurt,,,,,,,,,,,,,,,,,,,,,,
,PT10,B,Slightly injured,,,,,,,,,,,,,,,,,,,,,,
,PT10,C,Seriously injured,,,,,,,,,,,,,,,,,,,,,,
,PT10,D,Dead,,,,,,,,,,,,,,,,,,,,,,
,PT11,1,ASuW.,,,,,,,,,,,,,,,,,,,,,,
,PT11,2,ASW,,,,,,,,,,,,,,,,,,,,,,
,PT11,3,Gunship.,,,,,,,,,,,,,,,,,,,,,,
,PT16,1,Coordinate flight operations with this unit or unit indicated,,,,,,,,,,,,,,,,,,,,,,
,PT16,2,Delay flight operations for __ minutes,,,,,,,,,,,,,,,,,,,,,,
,PT16,3,Independentry to launch or recover aircraf,,,,,,,,,,,,,,,,,,,,,,
,PT16,4,Postpone flight operations until __ .,,,,,,,,,,,,,,,,,,,,,,
,PT16,5,Resume,,,,,,,,,,,,,,,,,,,,,,
,PT17,1,Beanbag delivery,,,,,,,,,,,,,,,,,,,,,,
,PT17,2,HIFR (Helicopter In-Flight Refuelling,,,,,,,,,,,,,,,,,,,,,,
,PT17,3,Mail transfer (in sequence of units),,,,,,,,,,,,,,,,,,,,,,
,PT17,4,Personnel transfer,,,,,,,,,,,,,,,,,,,,,,
,PT17,5,VERTREP,,,,,,,,,,,,,,,,,,,,,,
,PT17,6,RRR (Rotors Running Refuelling),,,,,,,,,,,,,,,,,,,,,,
,PT17,7,RRRR (Rotors Running Refuelling and Reanning),,,,,,,,,,,,,,,,,,,,,,
,PT17,8,Training,,,,,,,,,,,,,,,,,,,,,,
,PT17,9,Special Forces,,,,,,,,,,,,,,,,,,,,,,
,PT17,10,Boarding/MIOPS/Anti piracy,,,,,,,,,,,,,,,,,,,,,,
,PT24,1,White,,,,,,,,,,,,,,,,,,,,,,
,PT24,2,Green,,,,,,,,,,,,,,,,,,,,,,
,PT24,3,Blue,,,,,,,,,,,,,,,,,,,,,,
,PT24,4,Green plus bright side lights,,,,,,,,,,,,,,,,,,,,,,
,PT26,1,Am ready to operate helicopters when wind conditions are suitable,,,,,,,,,,,,,,,,,,,,,,
,PT26,2,Am operating helicopters,,,,,,,,,,,,,,,,,,,,,,
,PT26,3,My flight operations have been delayed (about ten minutes).,,,,,,,,,,,,,,,,,,,,,,
,PT26,4,Flight operations suspended (a time signal indicates estimated time of resumption),,,,,,,,,,,,,,,,,,,,,,
,PT26,5,Have __ helicopters to launch (and __ to recover),,,,,,,,,,,,,,,,,,,,,,
,PT26,6,Have completed operating helicopters,,,,,,,,,,,,,,,,,,,,,,
,PT27,1,Alert ( minutes),,,,,,,,,,,,,,,,,,,,,,
,PT27,2,Airborne,,,,,,,,,,,,,,,,,,,,,,
,PT27,3,Down for routine maintenance,,,,,,,,,,,,,,,,,,,,,,
,PT27,4,Down for repair,,,,,,,,,,,,,,,,,,,,,,
,PT30,1,Damage,,,,,,,,,,,,,,,,,,,,,,
,PT30,2,Decontamination in progress,,,,,,,,,,,,,,,,,,,,,,
,PT30,3,Foul deck,,,,,,,,,,,,,,,,,,,,,,
,PT30,4,Lack of wind,,,,,,,,,,,,,,,,,,,,,,
,PT30,5,Motion of ship,,,,,,,,,,,,,,,,,,,,,,
,PT30,6,Weather,,,,,,,,,,,,,,,,,,,,,,
,PT30,7,Personnel,,,,,,,,,,,,,,,,,,,,,,
,PT35,1,Alert State __ (numerals following DESIG),,,,,,,,,,,,,,,,,,,,,,
,PT35,2,Stand down/release (until ___).,,,,,,,,,,,,,,,,,,,,,,
,PT40,1,Fixed.,,,,,,,,,,,,,,,,,,,,,,
,PT40,2,Moving (course __ Speed ___).,,,,,,,,,,,,,,,,,,,,,,
,PT41,1,Antisubmarine,,,,,,,,,,,,,,,,,,,,,,
,PT41,2,Combat air,,,,,,,,,,,,,,,,,,,,,,
,PT41,3,Dawn and dusk,,,,,,,,,,,,,,,,,,,,,,
,PT41,4,Low,,,,,,,,,,,,,,,,,,,,,,
,PT41,5,Night,,,,,,,,,,,,,,,,,,,,,,
,PT41,6,Radar pick,,,,,,,,,,,,,,,,,,,,,,
,PT41,7,Rescue,,,,,,,,,,,,,,,,,,,,,,
,PT41,8,Target,,,,,,,,,,,,,,,,,,,,,,
,PT41,9,Target dawn and dusk,,,,,,,,,,,,,,,,,,,,,,
,PT41,10,Target night,,,,,,,,,,,,,,,,,,,,,,
,PT41,11,Barrier,,,,,,,,,,,,,,,,,,,,,,
,PT42,1,Communication link with separated forces,,,,,,,,,,,,,,,,,,,,,,
,PT42,2,Reconnaissance of enemy battle line,,,,,,,,,,,,,,,,,,,,,,
,PT42,3,Reconnaissance of enemy carrier,,,,,,,,,,,,,,,,,,,,,,
,PT42,4,Reconnaissance of enemy convoy,,,,,,,,,,,,,,,,,,,,,,
,PT42,5,Reconnaissance of enemy detached force,,,,,,,,,,,,,,,,,,,,,,
,PT42,6,Reconnaissance of enemy main force,,,,,,,,,,,,,,,,,,,,,,
,PT42,7,Special link,,,,,,,,,,,,,,,,,,,,,,
,PT42,8,Special line,,,,,,,,,,,,,,,,,,,,,,
,7L,1,Into grid position,,,,,,,,,,,,,,,,,,,,,,
,7L,2,In accordance with plan previously ordered.,,,,,,,,,,,,,,,,,,,,,,
,7M,1,Distraction,,,,,,,,,,,,,,,,,,,,,,
,7M,2,Confusion,,,,,,,,,,,,,,,,,,,,,,
,PU1,1,Fighter launched weapons,,,,,,,,,,,,,,,,,,,,,,
,PU1,2,Long range surface-to-air missiles,,,,,,,,,,,,,,,,,,,,,,
,PU1,3,Medium range surface-to-air missiles,,,,,,,,,,,,,,,,,,,,,,
,PU1,4,Close range surface-to-air missiles and/or guns,,,,,,,,,,,,,,,,,,,,,,
,PU1,5,Point defence weapons,,,,,,,,,,,,,,,,,,,,,,
,PU1,6,Jammers,,,,,,,,,,,,,,,,,,,,,,
,PU1,7,Helicopter launched weapons,,,,,,,,,,,,,,,,,,,,,,
,PU1,8,Close In Weapon System (CIWS),,,,,,,,,,,,,,,,,,,,,,
,PU5,1,Air launched missiles,,,,,,,,,,,,,,,,,,,,,,
,PU5,2,ASM carrying aircraft,,,,,,,,,,,,,,,,,,,,,,
,PU5,3,Free fall bombs,,,,,,,,,,,,,,,,,,,,,,
,PU5,4,Missile armed FPBs,,,,,,,,,,,,,,,,,,,,,,
,PU5,5,Nuclear,,,,,,,,,,,,,,,,,,,,,,
,PU5,6,Non nuclear,,,,,,,,,,,,,,,,,,,,,,
,PU5,7,Reconnaissance aircraf,,,,,,,,,,,,,,,,,,,,,,
,PU5,8,Rocket firing aircraft,,,,,,,,,,,,,,,,,,,,,,
,PU5,9,Ship launched missiles,,,,,,,,,,,,,,,,,,,,,,
,PU5,10,Submarine launched missiles,,,,,,,,,,,,,,,,,,,,,,
,PU5,11,Torpedo bombers,,,,,,,,,,,,,,,,,,,,,,
,PU5,12,Gunship,,,,,,,,,,,,,,,,,,,,,,
,PU5,13,ASW weapon carrying aircraft,,,,,,,,,,,,,,,,,,,,,,
,PU5,14,Fighter,,,,,,,,,,,,,,,,,,,,,,
,PU5,15,Helicopter,,,,,,,,,,,,,,,,,,,,,,
,PU6,1,High,,,,,,,,,,,,,,,,,,,,,,
,PU6,2,Medium,,,,,,,,,,,,,,,,,,,,,,
,PU6,3,Low,,,,,,,,,,,,,,,,,,,,,,
,PU6,4,Very low,,,,,,,,,,,,,,,,,,,,,,
,RA1,1,Air search (between __ and __ miles),,,,,,,,,,,,,,,,,,,,,,
,RA1,2,Surface search (between __ and__ miles),,,,,,,,,,,,,,,,,,,,,,
,RA1,3,Scan in elevation (between __ and __ degrees),,,,,,,,,,,,,,,,,,,,,,
,RA1,4,Recognition guard,,,,,,,,,,,,,,,,,,,,,,
,RA1,5,As in current operation order or operational plan,,,,,,,,,,,,,,,,,,,,,,
,RA4,1,"Aircraft, enemy",,,,,,,,,,,,,,,,,,,,,,
,RA4,2,"Aircraft, friendly",,,,,,,,,,,,,,,,,,,,,,
,RA4,3,"Aircraft, unidentified",,,,,,,,,,,,,,,,,,,,,,
,RA4,4,Land,,,,,,,,,,,,,,,,,,,,,,
,RA4,5,Radar beacon,,,,,,,,,,,,,,,,,,,,,,
,RA4,6,Snort or periscope,,,,,,,,,,,,,,,,,,,,,,
,RA4,7,Submarine,,,,,,,,,,,,,,,,,,,,,,
,RA4,8,"Surface craft, enemy",,,,,,,,,,,,,,,,,,,,,,
,RA4,9,"surface craft, friendly",,,,,,,,,,,,,,,,,,,,,,
,RA4,10,"Surface craft, unidentified",,,,,,,,,,,,,,,,,,,,,,
,RA6,1,Airborne,,,,,,,,,,,,,,,,,,,,,,
,RA6,2,At discretion,,,,,,,,,,,,,,,,,,,,,,
,RA6,3,Ship borne,,,,,,,,,,,,,,,,,,,,,,
,RA6,4,To challenge and identify target,,,,,,,,,,,,,,,,,,,,,,
,RA6,5,Using mode (and code __ ),,,,,,,,,,,,,,,,,,,,,,
,RP6,1,Identified as a parachute mine,,,,,,,,,,,,,,,,,,,,,,
,RP6,2,Believed to be a mine,,,,,,,,,,,,,,,,,,,,,,
,RP11,1,Drifting (in position __),,,,,,,,,,,,,,,,,,,,,,
,RP11,2,Exploded (in position ___),,,,,,,,,,,,,,,,,,,,,,
,RP11,3,Just awash (in position____),,,,,,,,,,,,,,,,,,,,,,
,RP11,4,Of____ type,,,,,,,,,,,,,,,,,,,,,,
,RP11,5,Sinking slowly On position____),,,,,,,,,,,,,,,,,,,,,,
,RP12,1,Found,,,,,,,,,,,,,,,,,,,,,,
,RP12,2,Reported,,,,,,,,,,,,,,,,,,,,,,
,RP15,1,Active,,,,,,,,,,,,,,,,,,,,,,
,RP15,2,Automatic and are dangerous to friendly ships,,,,,,,,,,,,,,,,,,,,,,
,RP15,3,Safe,,,,,,,,,,,,,,,,,,,,,,
,RP18,1,Line number __ between positions __ and position __ .,,,,,,,,,,,,,,,,,,,,,,
,RP18,2,Corners of the area mined are indicated by positions __,,,,,,,,,,,,,,,,,,,,,,
,RP24,1,Arming delays are to be set at__ (date-time group).,,,,,,,,,,,,,,,,,,,,,,
,RP24,2,Commence mining. Plan may be indicated,,,,,,,,,,,,,,,,,,,,,,
,RP24,3,Jammed. All mine rails (or__ number) are jammed,,,,,,,,,,,,,,,,,,,,,,
,RP24,4,"Jettison all mines (Mines are to be made__)
A. Active
B. Safe",,,,,,,,,,,,,,,,,,,,,,
,RP24,5,Lay mines (or __ type from Table R) (from position or in area indicated) plan number may be added,,,,,,,,,,,,,,,,,,,,,,
,RP24,6,Launching. Unit indicated launched first mine in the line __ seconds after time zero,,,,,,,,,,,,,,,,,,,,,,
,RP24,7,Line assignment. You are assigned to line number __ (DESIG __ unit indicated in tactical sequence).,,,,,,,,,,,,,,,,,,,,,,
,RP24,8,Line of mines bears __ length __ hundreds of yards from position __ .,,,,,,,,,,,,,,,,,,,,,,
,RP24,9,Mine Launching interval. Use mine launching lnterval of __ seconds (in line manner___),,,,,,,,,,,,,,,,,,,,,,
,RP24,10,Number of mines (and obstructers if applicable) in each line (or line number __ )is __ .,,,,,,,,,,,,,,,,,,,,,,
,RP24,11,Fit mines,,,,,,,,,,,,,,,,,,,,,,
,RP24,12,"Setting of mine depth (or ___) is to be __ feet.
A. Plummet.
B. Obstructer.",,,,,,,,,,,,,,,,,,,,,,
,RP24,13,Spacing. Lay mines hundreds offeet apart in each line (or in line number__),,,,,,,,,,,,,,,,,,,,,,
,RP24,14,Spacing of mines is to be hundreds of yards (between line number __ and line number___ ).,,,,,,,,,,,,,,,,,,,,,,
,RP24,15,Cease mining (at time____).,,,,,,,,,,,,,,,,,,,,,,
,RP36,1,Minesweeping (green),,,,,,,,,,,,,,,,,,,,,,
,RP36,2,Minesweeping station keeping,,,,,,,,,,,,,,,,,,,,,,
,RP37,1,Hunt.,,,,,,,,,,,,,,,,,,,,,,
,RP39,1,An area of width __ hundreds of yards the centreline of which lines between positions __ and __ .,,,,,,,,,,,,,,,,,,,,,,
,RP39,2,Area/channel number/Jetter __,,,,,,,,,,,,,,,,,,,,,,
,RP41,1,Position of mine,,,,,,,,,,,,,,,,,,,,,,
,RP41,2,Safe channel,,,,,,,,,,,,,,,,,,,,,,
,RP41,3,Swept/hunted channel,,,,,,,,,,,,,,,,,,,,,,
,RP44,1,Channel/area has been searched,,,,,,,,,,,,,,,,,,,,,,
,RP44,2,Channel/area is swept/hunted,,,,,,,,,,,,,,,,,,,,,,
,SE2,1,Check your transmitter,,,,,,,,,,,,,,,,,,,,,,
,SE2,2,Check your receiver,,,,,,,,,,,,,,,,,,,,,,
,SE2,3,Check for steady key,,,,,,,,,,,,,,,,,,,,,,
,SE2,4,Operating signal from ACP 131,,,,,,,,,,,,,,,,,,,,,,
,SE4,1,Flaghoist,,,,,,,,,,,,,,,,,,,,,,
,SE4,2,Link 11,,,,,,,,,,,,,,,,,,,,,,
,SE4,3,Link Y,,,,,,,,,,,,,,,,,,,,,,
,SE4,4,Loudhailer,,,,,,,,,,,,,,,,,,,,,,
,SE4,5,Nancy,,,,,,,,,,,,,,,,,,,,,,
,SE4,6,Non-directional light,,,,,,,,,,,,,,,,,,,,,,
,SE4,7,Radiotelegraph (circuit designated preceded by DESIG or frequency in MHz may be added).,,,,,,,,,,,,,,,,,,,,,,
,SE4,8,Radiotelephone (circuit designation preceded by DESIG or frequency in MHz may be added).,,,,,,,,,,,,,,,,,,,,,,
,SE4,9,Radioteletype (circuit designation preceded by DESIG or frequency in MHz may be added).,,,,,,,,,,,,,,,,,,,,,,
,SE4,10,Semaphore,,,,,,,,,,,,,,,,,,,,,,
,SE4,11,Signal light,,,,,,,,,,,,,,,,,,,,,,
,SE4,12,Single sideband (SSB) (channel preceded by DESIG or frequency in MHz may be added).,,,,,,,,,,,,,,,,,,,,,,
,SE4,13,Sonar,,,,,,,,,,,,,,,,,,,,,,
,SE4,14,Telephone.,,,,,,,,,,,,,,,,,,,,,,
,SE4,15,Underwater telephone,,,,,,,,,,,,,,,,,,,,,,
,SE4,16,Walkie -talkie channel .( preceded by DESIG),,,,,,,,,,,,,,,,,,,,,,
,SE6,1,Facsimile,,,,,,,,,,,,,,,,,,,,,,
,SE6,2,Flaghoist,,,,,,,,,,,,,,,,,,,,,,
,SE6,3,Flashing light,,,,,,,,,,,,,,,,,,,,,,
,SE6,4,Nancy,,,,,,,,,,,,,,,,,,,,,,
,SE6,5,Radiotelegraphy,,,,,,,,,,,,,,,,,,,,,,
,SE6,6,Radiotelephony,,,,,,,,,,,,,,,,,,,,,,
,SE6,7,Radioteletype,,,,,,,,,,,,,,,,,,,,,,
,SE6,8,Semaphore,,,,,,,,,,,,,,,,,,,,,,
,SE6,9,Single Sideband (SSB),,,,,,,,,,,,,,,,,,,,,,
,SE6,10,Sonar,,,,,,,,,,,,,,,,,,,,,,
,SE7,1,Cover,,,,,,,,,,,,,,,,,,,,,,
,SE7,2,Guard,,,,,,,,,,,,,,,,,,,,,,
,SE7,3,Intercept,,,,,,,,,,,,,,,,,,,,,,
,SE7,4,Listening,,,,,,,,,,,,,,,,,,,,,,
,SE11,1,Acknowledging more promptly,,,,,,,,,,,,,,,,,,,,,,
,SE11,2,Answering more promptly,,,,,,,,,,,,,,,,,,,,,,
,SE11,3,Making hoist on both sides,,,,,,,,,,,,,,,,,,,,,,
,SE11,4,Making hoist on other side,,,,,,,,,,,,,,,,,,,,,,
,SE11,5,Relaying more promptly,,,,,,,,,,,,,,,,,,,,,,
,SE11,6,Clearing the hoist,,,,,,,,,,,,,,,,,,,,,,
,SE12,1,Kilo Hertz,,,,,,,,,,,,,,,,,,,,,,
,SE12,2,Mega Hertz,,,,,,,,,,,,,,,,,,,,,,
,SE13,1,Allied Guide to Masters (ACP 148),,,,,,,,,,,,,,,,,,,,,,
,SE13,2,International Code of Signals,,,,,,,,,,,,,,,,,,,,,,
,SE13,3,Maritime Air Reporting Code,,,,,,,,,,,,,,,,,,,,,,
,SE20,1,Aircraft,,,,,,,,,,,,,,,,,,,,,,
,SE20,2,Personnel,,,,,,,,,,,,,,,,,,,,,,
,SE20,3,Receivers,,,,,,,,,,,,,,,,,,,,,,
,SE20,4,Transmitters,,,,,,,,,,,,,,,,,,,,,,
,SE22,1,HF over 500 watts,,,,,,,,,,,,,,,,,,,,,,
,SE22,2,Frequency band from Table E,,,,,,,,,,,,,,,,,,,,,,
,SE26,1,Radio,,,,,,,,,,,,,,,,,,,,,,
,SE26,2,Nancy,,,,,,,,,,,,,,,,,,,,,,
,SE26,3,Visual,,,,,,,,,,,,,,,,,,,,,,
,SE26,4,Sonar,,,,,,,,,,,,,,,,,,,,,,
,SE27,1,VHF radiotelephone,,,,,,,,,,,,,,,,,,,,,,
,SE27,2,UHF radiotelephone,,,,,,,,,,,,,,,,,,,,,,
,SE27,3,UHF radio teletype,,,,,,,,,,,,,,,,,,,,,,
,SE27,4,_ MHz (or circuit designation(s) preceded by DESIG),,,,,,,,,,,,,,,,,,,,,,
,SE33,1,Policy One,,,,,,,,,,,,,,,,,,,,,,
,SE33,2,Policy Two,,,,,,,,,,,,,,,,,,,,,,
,SE33,3,Policy Three,,,,,,,,,,,,,,,,,,,,,,
,SE37,1,To answer only properly authenticated calls,,,,,,,,,,,,,,,,,,,,,,
,SE37,2,To use proper ACP,,,,,,,,,,,,,,,,,,,,,,
,SE37,3,To use proper authentication,,,,,,,,,,,,,,,,,,,,,,
,SE37,4,To use proper call sign,,,,,,,,,,,,,,,,,,,,,,
,SE37,5,To use proper crypto channel,,,,,,,,,,,,,,,,,,,,,,
,SE37,6,To use proper procedur,,,,,,,,,,,,,,,,,,,,,,
,SE37,7,To use signal publication indicate,,,,,,,,,,,,,,,,,,,,,,
,SE37,8,Compromising radio call sign,,,,,,,,,,,,,,,,,,,,,,
,SE39,1,No restrictions on signallin,,,,,,,,,,,,,,,,,,,,,,
,SE39,2,Use directional lights only,,,,,,,,,,,,,,,,,,,,,,
,SE39,3,Use Nancy only,,,,,,,,,,,,,,,,,,,,,,
,SE39,4,No visual signalling except in emergency or in response to OT,,,,,,,,,,,,,,,,,,,,,,
,SE39,5,Use flag hoist only,,,,,,,,,,,,,,,,,,,,,,
,SE39,6,Use red filters only (or colour indicated),,,,,,,,,,,,,,,,,,,,,,
,SE39,7,Use semaphore only,,,,,,,,,,,,,,,,,,,,,,
,TD6,1,Hoist all boats,,,,,,,,,,,,,,,,,,,,,,
,TD6,2,Hoist all power boats,,,,,,,,,,,,,,,,,,,,,,
,TD6,3,Hoist all pulling boats,,,,,,,,,,,,,,,,,,,,,,
,TD6,4,Hoist all small boats,,,,,,,,,,,,,,,,,,,,,,
,TD6,5,Hoist all boats hoisted by cranes or booms,,,,,,,,,,,,,,,,,,,,,,
,TD9,1,Official,,,,,,,,,,,,,,,,,,,,,,
,TD10,1,Cheer ship,,,,,,,,,,,,,,,,,,,,,,
,TD10,2,Main ship,,,,,,,,,,,,,,,,,,,,,,
,TD10,3,Illuminate ship,,,,,,,,,,,,,,,,,,,,,,
,TD10,4,Parade guard and band,,,,,,,,,,,,,,,,,,,,,,
,TD10,5,Parade guard,,,,,,,,,,,,,,,,,,,,,,
,TD10,6,Parade band,,,,,,,,,,,,,,,,,,,,,,
,TD10,7,Parade guard and band for entering Oeaving)harbour,,,,,,,,,,,,,,,,,,,,,,
,TD10,8,Parade guard for entering Oeaving) harbou,,,,,,,,,,,,,,,,,,,,,,
,TD10,9,Parade band for entering (leaving) harbour,,,,,,,,,,,,,,,,,,,,,,
,TD10,10,Entering/Leaving harbour procedure Alpha,,,,,,,,,,,,,,,,,,,,,,
,TD11,1,Clear,,,,,,,,,,,,,,,,,,,,,,
,TD11,2,Dip,,,,,,,,,,,,,,,,,,,,,,
,TD11,3,Half mast,,,,,,,,,,,,,,,,,,,,,,
,TD11,4,Haul down,,,,,,,,,,,,,,,,,,,,,,
,TD11,5,Haul down Jack (or do not hoist),,,,,,,,,,,,,,,,,,,,,,
,TD11,6,Hoist,,,,,,,,,,,,,,,,,,,,,,
,TD11,7,Hoist Jack,,,,,,,,,,,,,,,,,,,,,,
,TD11,8,Rehoist,,,,,,,,,,,,,,,,,,,,,,
,TD11,9,Shift ensign to harbour position,,,,,,,,,,,,,,,,,,,,,,
,TD11,10,Shift ensign to sea position,,,,,,,,,,,,,,,,,,,,,,
,TD13,1,Dress ships with ensigns at the masthead.,,,,,,,,,,,,,,,,,,,,,,
,TD13,2,Haul taut dressing lines.,,,,,,,,,,,,,,,,,,,,,,
,TD19,1,By Helicopter.,,,,,,,,,,,,,,,,,,,,,,
,TD19,2,By Boat.,,,,,,,,,,,,,,,,,,,,,,
,TD19,3,Ship Transfer.,,,,,,,,,,,,,,,,,,,,,,
,TD20,1,Stable,,,,,,,,,,,,,,,,,,,,,,
,TD20,2,Recovered,,,,,,,,,,,,,,,,,,,,,,
,TD20,3,Deteriorating,,,,,,,,,,,,,,,,,,,,,,
,TD20,4,Unconscious,,,,,,,,,,,,,,,,,,,,,,
,TD20,5,Dead,,,,,,,,,,,,,,,,,,,,,,
,TD22,1,Forecastle,,,,,,,,,,,,,,,,,,,,,,
,TD22,2,Waist,,,,,,,,,,,,,,,,,,,,,,
,TD22,3,Quarterdeck,,,,,,,,,,,,,,,,,,,,,,
,TD22,4,Side screen,,,,,,,,,,,,,,,,,,,,,,
,TD26,1,Dump trash and garbage,,,,,,,,,,,,,,,,,,,,,,
,TD26,2,Dump sinkable trash and garbage only,,,,,,,,,,,,,,,,,,,,,,
,TD26,3,Pump bilges,,,,,,,,,,,,,,,,,,,,,,
,TD26,4,Use lighter and/or sludge ring for disposal of waste.,,,,,,,,,,,,,,,,,,,,,,
,TD26,5,Prior to entry into harbour,,,,,,,,,,,,,,,,,,,,,,
,TD26,6,When clear of harbour,,,,,,,,,,,,,,,,,,,,,,
,TD26,7,During hours of darkness,,,,,,,,,,,,,,,,,,,,,,
,TD26,8,At discretion,,,,,,,,,,,,,,,,,,,,,,
,TD26,9,When well clear of formation (or convoy,,,,,,,,,,,,,,,,,,,,,,
,TD27,1,Beach Guard,,,,,,,,,,,,,,,,,,,,,,
,TD27,2,Beach Liaison Party,,,,,,,,,,,,,,,,,,,,,,
,TD27,3,Boats,,,,,,,,,,,,,,,,,,,,,,
,TD27,4,PASKAL,,,,,,,,,,,,,,,,,,,,,,
,TD27,5,Men,,,,,,,,,,,,,,,,,,,,,,
,TD27,6,Motor pool,,,,,,,,,,,,,,,,,,,,,,
,TD27,7,Naval personnel (only),,,,,,,,,,,,,,,,,,,,,,
,TD27,8,Officers,,,,,,,,,,,,,,,,,,,,,,
,TD27,9,Shore patrol,,,,,,,,,,,,,,,,,,,,,,
,TD27,10,Vehicles,,,,,,,,,,,,,,,,,,,,,,
,TD27,11,Landing Party,,,,,,,,,,,,,,,,,,,,,,
,TD27,12,Boarding Party,,,,,,,,,,,,,,,,,,,,,,
,TD33,1,Receipts will be called for by radio at __,,,,,,,,,,,,,,,,,,,,,,
,TD33,2,Receipts will be called for by VIS at __ .,,,,,,,,,,,,,,,,,,,,,,
,TD39,1,Absentee,,,,,,,,,,,,,,,,,,,,,,
,TD39,2,Action,,,,,,,,,,,,,,,,,,,,,,
,TD39,3,Aircraft and aircrew replacement,,,,,,,,,,,,,,,,,,,,,,
,TD39,4,Aircraft and air crew statu,,,,,,,,,,,,,,,,,,,,,,
,TD39,5,Aircraft availability,,,,,,,,,,,,,,,,,,,,,,
,TD39,6,Aircraft launch and recovery,,,,,,,,,,,,,,,,,,,,,,
,TD39,7,Airfield status,,,,,,,,,,,,,,,,,,,,,,
,TD39,8,Ammunition expenditure,,,,,,,,,,,,,,,,,,,,,,
,TD39,9,Amplifying,,,,,,,,,,,,,,,,,,,,,,
,TD39,10,Armament,,,,,,,,,,,,,,,,,,,,,,
,TD39,11,Bogey summary,,,,,,,,,,,,,,,,,,,,,,
,TD39,12,Cargo,,,,,,,,,,,,,,,,,,,,,,
,TD39,13,Casualty,,,,,,,,,,,,,,,,,,,,,,
,TD39,14,Classified movement,,,,,,,,,,,,,,,,,,,,,,
,TD39,15,Critique,,,,,,,,,,,,,,,,,,,,,,
,TD39,16,Daily summary,,,,,,,,,,,,,,,,,,,,,,
,TD39,17,Downed pilot,,,,,,,,,,,,,,,,,,,,,,
,TD39,18,Enemy,,,,,,,,,,,,,,,,,,,,,,
,TD39,19,Exercise,,,,,,,,,,,,,,,,,,,,,,
,TD39,20,Friendly summary,,,,,,,,,,,,,,,,,,,,,,
,TD39,21,Intelligence summary,,,,,,,,,,,,,,,,,,,,,,
,TD39,22,Logistic requirement (Logreq),,,,,,,,,,,,,,,,,,,,,,
,TD39,23,Material status,,,,,,,,,,,,,,,,,,,,,,
,TD39,24,Merchant ship sighting,,,,,,,,,,,,,,,,,,,,,,
,TD39,25,Merchant ship intelligence(Merint),,,,,,,,,,,,,,,,,,,,,,
,TD39,26,Meteorological,,,,,,,,,,,,,,,,,,,,,,
,TD39,27,National movement,,,,,,,,,,,,,,,,,,,,,,
,TD39,28,RMN Movement,,,,,,,,,,,,,,,,,,,,,,
,TD39,29,Navigational position,,,,,,,,,,,,,,,,,,,,,,
,TD39,30,Nuclear denotation (Nudet),,,,,,,,,,,,,,,,,,,,,,
,TD39,31,Photographic interpretation,,,,,,,,,,,,,,,,,,,,,,
,TD39,32,Readiness for sea,,,,,,,,,,,,,,,,,,,,,,
,TD39,33,Replenishment and requirement,,,,,,,,,,,,,,,,,,,,,,
,TD39,34,Routine fuel,,,,,,,,,,,,,,,,,,,,,,
,TD39,35,Ship reporting,,,,,,,,,,,,,,,,,,,,,,
,TD39,36,Signal intelligence (Sigint),,,,,,,,,,,,,,,,,,,,,,
,TD39,37,Situation,,,,,,,,,,,,,,,,,,,,,,
,TD39,38,Strike flash,,,,,,,,,,,,,,,,,,,,,,
,TD39,39,Unclassified movement,,,,,,,,,,,,,,,,,,,,,,
,TD39,40,Weapon effectiveness,,,,,,,,,,,,,,,,,,,,,,
,TD41,1,HQ FOC RMN,,,,,,,,,,,,,,,,,,,,,,
,TD41,2,Area Commander,,,,,,,,,,,,,,,,,,,,,,
,FLAG 2A,1,Star shell,,,,,,,,,,,,,,,,,,,,,,
,FLAG 2A,2,Rocket,,,,,,,,,,,,,,,,,,,,,,
,FLAG 2A,3,Searchlight,,,,,,,,,,,,,,,,,,,,,,
,FLAG 2A,4,Flares,,,,,,,,,,,,,,,,,,,,,,
,FLAG 2A,5,In accordance with fire plan (or plan __ ),,,,,,,,,,,,,,,,,,,,,,
,FLAG 2B,1,Star shell,,,,,,,,,,,,,,,,,,,,,,
,FLAG 2B,2,Rocket,,,,,,,,,,,,,,,,,,,,,,
,FLAG 2B,3,Searchlight,,,,,,,,,,,,,,,,,,,,,,
,FLAG 2B,4,Flares,,,,,,,,,,,,,,,,,,,,,,
,FLAG 2B,5,In accordance with fire plan (or plan__ ).,,,,,,,,,,,,,,,,,,,,,,
,FLAG 2C,1,AA gun,,,,,,,,,,,,,,,,,,,,,,
,FLAG 2C,2,Available gun,,,,,,,,,,,,,,,,,,,,,,
,FLAG 2C,3,Machine guns,,,,,,,,,,,,,,,,,,,,,,
,FLAG 2C,4,Main gun,,,,,,,,,,,,,,,,,,,,,,
,FLAG 2C,5,Rockets,,,,,,,,,,,,,,,,,,,,,,
,FLAG 2C,6,Secondary gun,,,,,,,,,,,,,,,,,,,,,,
,FLAG 2C,7,surface-to-air guided missiles,,,,,,,,,,,,,,,,,,,,,,
,FLAG 2C,8,Surface-to-surfaceguided missiles,,,,,,,,,,,,,,,,,,,,,,
,FLAG 2E,1,Missile,,,,,,,,,,,,,,,,,,,,,,
,FLAG 2E,2,Main guns,,,,,,,,,,,,,,,,,,,,,,
,FLAG 2E,3,Secondary guns,,,,,,,,,,,,,,,,,,,,,,
,FLAG 2I,1,At targets of opportunity,,,,,,,,,,,,,,,,,,,,,,
,FLAG 2I,2,At nearest enemy,,,,,,,,,,,,,,,,,,,,,,
,FLAG 2I,3,At FPB targets,,,,,,,,,,,,,,,,,,,,,,
,FLAG 2J,1,To target bearing __ from this ship (or unit indicated),,,,,,,,,,,,,,,,,,,,,,
,FLAG 2J,2,To right of target being engaged,,,,,,,,,,,,,,,,,,,,,,
,FLAG 2J,3,To left of target being engaged,,,,,,,,,,,,,,,,,,,,,,
,FLAG 2K,1,Missiles,,,,,,,,,,,,,,,,,,,,,,
,FLAG 2K,2,Guns,,,,,,,,,,,,,,,,,,,,,,
,FLAG 2K,3,Torpedoes,,,,,,,,,,,,,,,,,,,,,,
,FLAG 2L,1,Into grid position.,,,,,,,,,,,,,,,,,,,,,,
,FLAG 2L,2,In accordance with plan previously ordered,,,,,,,,,,,,,,,,,,,,,,
,FLAG 2N,1,Decoy/chaff for distraction,,,,,,,,,,,,,,,,,,,,,,
,FLAG 2N,2,Decoy/chaff for confusion,,,,,,,,,,,,,,,,,,,,,,
,FLAG 2N,3,Decoy/chaff for seduction,,,,,,,,,,,,,,,,,,,,,,
,FLAG 2O,1,As soon as possible,,,,,,,,,,,,,,,,,,,,,,
,FLAG 2O,2,When guns bear,,,,,,,,,,,,,,,,,,,,,,
,FLAG 2O,3,When ready,,,,,,,,,,,,,,,,,,,,,,
,FLAG 2O,4,At maximum gun range,,,,,,,,,,,,,,,,,,,,,,
,FLAG 2O,5,When range closes to _thousand yards,,,,,,,,,,,,,,,,,,,,,,
,FLAG 2O,6,When target is visible,,,,,,,,,,,,,,,,,,,,,,
,FLAG 2O,7,If target is identified as hostile,,,,,,,,,,,,,,,,,,,,,,
,FLAG 2O,8,If target commits a hostile act,,,,,,,,,,,,,,,,,,,,,,
,FLAG 2P,1,Centre of enemy formation,,,,,,,,,,,,,,,,,,,,,,
,FLAG 2P,2,leading ship of enemy formation,,,,,,,,,,,,,,,,,,,,,,
,FLAG 2P,3,Left of enemy formation,,,,,,,,,,,,,,,,,,,,,,
,FLAG 2P,4,Right of enemy formation,,,,,,,,,,,,,,,,,,,,,,
,FLAG 2P,5,Ship number __ in enemy line counting from left to right,,,,,,,,,,,,,,,,,,,,,,
,FLAG 2P,6,Ship number __ in enemy line counting from right to left,,,,,,,,,,,,,,,,,,,,,,
,FLAG 2P,7,Nearest enemy,,,,,,,,,,,,,,,,,,,,,,
,FLAG 2Q,1,I have ceased firing.,,,,,,,,,,,,,,,,,,,,,,
,FLAG 2Q,2,Target indicated or (bearing __ ) (range __ thousands of yards) from this unit or indicated has ceased firing.,,,,,,,,,,,,,,,,,,,,,,
,FLAG 2U,1,Impac,,,,,,,,,,,,,,,,,,,,,,
,FLAG 2U,2,Proximity,,,,,,,,,,,,,,,,,,,,,,
,FLAG 2U,3,Mixed impact and airburst,,,,,,,,,,,,,,,,,,,,,,
,FLAG 2V,1,Negligible,,,,,,,,,,,,,,,,,,,,,,
,FLAG 2V,2,To prevent ranging,,,,,,,,,,,,,,,,,,,,,,
,FLAG 2V,3,To prevent auto follow,,,,,,,,,,,,,,,,,,,,,,
,FLAG 2X,1,Over ( __ hundreds of yards),,,,,,,,,,,,,,,,,,,,,,
,FLAG 2X,2,Short (__ hundreds of yards,,,,,,,,,,,,,,,,,,,,,,
,FLAG 2X,3,Right ( __ tens of yards),,,,,,,,,,,,,,,,,,,,,,
,FLAG 2X,4,Left ( __ tens of yards),,,,,,,,,,,,,,,,,,,,,,
,FLAG 2X,5,Far over,,,,,,,,,,,,,,,,,,,,,,
,FLAG 2X,6,Far short,,,,,,,,,,,,,,,,,,,,,,
,FLAG 2X,7,Far right,,,,,,,,,,,,,,,,,,,,,,
,FLAG 2X,8,Far left,,,,,,,,,,,,,,,,,,,,,,
,FLAG 2X,9,Unobserved,,,,,,,,,,,,,,,,,,,,,,
,FLAG 2X,10,Straddle,,,,,,,,,,,,,,,,,,,,,,
,FLAG 2Y,1,Illuminate suspected target,,,,,,,,,,,,,,,,,,,,,,
,FLAG 2Y,2,Locate suspected target,,,,,,,,,,,,,,,,,,,,,,
,TP1,1,Avoid action,,,,,,,,,,,,,,,,,,,,,,
,TP1,2,Commence action,,,,,,,,,,,,,,,,,,,,,,
,TP1,3,Chase enemy (type of force may be indicated from Table F,,,,,,,,,,,,,,,,,,,,,,
,TP1,4,Withhold surface fire until identify is established.,,,,,,,,,,,,,,,,,,,,,,
,TP3,1,Attack from direction __ is being carried out by unit indicated,,,,,,,,,,,,,,,,,,,,,,
,TP3,2,Break off the attack,,,,,,,,,,,,,,,,,,,,,,
,TP3,3,Delay attack (until ____),,,,,,,,,,,,,,,,,,,,,,
,TP3,4,Carry out feint attack on enemy from bearing _(bearing is to be taken from centre of enemy,,,,,,,,,,,,,,,,,,,,,,
,TP3,5,Close and attack,,,,,,,,,,,,,,,,,,,,,,
,TP3,6,Completed,,,,,,,,,,,,,,,,,,,,,,
,TP4,1,As rapidly as possible,,,,,,,,,,,,,,,,,,,,,,
,TP4,2,Consistent with keeping all guns bearing,,,,,,,,,,,,,,,,,,,,,,
,TP4,3,End on,,,,,,,,,,,,,,,,,,,,,,
,TP4,4,To effective gun range,,,,,,,,,,,,,,,,,,,,,,
,TP4,5,To effective range of secondary guns,,,,,,,,,,,,,,,,,,,,,,
,TP4,6,To effective torpedo rang,,,,,,,,,,,,,,,,,,,,,,
,TP4,7,To maximum effective gun range,,,,,,,,,,,,,,,,,,,,,,
,TP4,8,To maximum torpedo range,,,,,,,,,,,,,,,,,,,,,,
,TP4,9,To __ thousand of yards,,,,,,,,,,,,,,,,,,,,,,
,TP4,10,To effective PONY/MUSTANG weapon range,,,,,,,,,,,,,,,,,,,,,,
,TP6,1,In position __,,,,,,,,,,,,,,,,,,,,,,
,TP6,2,On enemy bearing __,,,,,,,,,,,,,,,,,,,,,,
,TP6,3,On enemy as indicated (from Table F),,,,,,,,,,,,,,,,,,,,,,
,TP6,4,On unit indicated,,,,,,,,,,,,,,,,,,,,,,
,TP6,5,At __ time,,,,,,,,,,,,,,,,,,,,,,
,TP7,1,As rapidly as possible,,,,,,,,,,,,,,,,,,,,,,
,TP7,2,Beyond effective range of enemy,,,,,,,,,,,,,,,,,,,,,,
,TP7,3,Beyond effective range of enemy secondary guns,,,,,,,,,,,,,,,,,,,,,,
,TP7,4,Beyond maximum range,,,,,,,,,,,,,,,,,,,,,,
,TP7,5,Consistent with keeping all guns bearing,,,,,,,,,,,,,,,,,,,,,,
,TP7,6,To maximum range,,,,,,,,,,,,,,,,,,,,,,
,TP7,7,To maximum effective range,,,,,,,,,,,,,,,,,,,,,,
,TP7,8,To maximum torpedo range,,,,,,,,,,,,,,,,,,,,,,
,TP7,9,To range __ thousands of yards,,,,,,,,,,,,,,,,,,,,,,
,TP15,1,Confidence Level 1,,,,,,,,,,,,,,,,,,,,,,
,TP15,2,Confidence Level 2,,,,,,,,,,,,,,,,,,,,,,
,TP15,3,Confidence Level 3,,,,,,,,,,,,,,,,,,,,,,
,TP15,4,Confidence Level 4,,,,,,,,,,,,,,,,,,,,,,
,TP17,1,Plan BROWN 1,,,,,,,,,,,,,,,,,,,,,,
,TP17,2,Plan BROWN 2,,,,,,,,,,,,,,,,,,,,,,
,TP17,3,Plan BROWN 3,,,,,,,,,,,,,,,,,,,,,,
,TP17,4,Plan BROWN 4 (Data link),,,,,,,,,,,,,,,,,,,,,,
,TP18,1,Target re-assessed non-HAMMOCK target,,,,,,,,,,,,,,,,,,,,,,
,TP18,2,Target is within the missile firer's radar coverage,,,,,,,,,,,,,,,,,,,,,,
,TP19,1,"Surface, using all force",,,,,,,,,,,,,,,,,,,,,,
,TP19,2,"Surface, detaching SAG",,,,,,,,,,,,,,,,,,,,,,
,TP19,3,Pursuit,,,,,,,,,,,,,,,,,,,,,,
,TP19,4,Retiring,,,,,,,,,,,,,,,,,,,,,,
,TP19,5,Withdrawing,,,,,,,,,,,,,,,,,,,,,,
,TP19,6,Delaying,,,,,,,,,,,,,,,,,,,,,,
,TP23,1,Between the enemy and his base,,,,,,,,,,,,,,,,,,,,,,
,TP23,2,Between the enemy and our bas,,,,,,,,,,,,,,,,,,,,,,
,TP23,3,Between the enemy and our convoy,,,,,,,,,,,,,,,,,,,,,,
,TP23,4,To leeward of enemy,,,,,,,,,,,,,,,,,,,,,,
,TP23,5,To windward of enemy,,,,,,,,,,,,,,,,,,,,,,
,FLAG 9A,1,According to base torpedo course plan,,,,,,,,,,,,,,,,,,,,,,
,FLAG 9A,2,According to individual target plari,,,,,,,,,,,,,,,,,,,,,,
,FLAG 9A,3,According to mutual target plan,,,,,,,,,,,,,,,,,,,,,,
,FLAG 9A,4,As soon as enemy is sighted,,,,,,,,,,,,,,,,,,,,,,
,FLAG 9A,5,At range of Free_Text_Tack_1 hundreds of yard,,,,,,,,,,,,,,,,,,,,,,
,FLAG 9A,6,For exercise,,,,,,,,,,,,,,,,,,,,,,
,FLAG 9A,7,From as close as possible,,,,,,,,,,,,,,,,,,,,,,
,FLAG 9A,8,Outside visibility range; firing by radar,,,,,,,,,,,,,,,,,,,,,,
,FLAG 9A,9,According to coordinated attack plan,,,,,,,,,,,,,,,,,,,,,,
, FLAG 9H,1,Formation attack in close formation,,,,,,,,,,,,,,,,,,,,,,
, FLAG 9H,2,Formation attack in open formation,,,,,,,,,,,,,,,,,,,,,,
, FLAG 9H,3,Independent,,,,,,,,,,,,,,,,,,,,,,
, FLAG 9H,4,Sector,,,,,,,,,,,,,,,,,,,,,,
, FLAG 9H,5,Spread,,,,,,,,,,,,,,,,,,,,,,
, FLAG 9N,1,Bow,,,,,,,,,,,,,,,,,,,,,,
, FLAG 9N,2,Beam,,,,,,,,,,,,,,,,,,,,,,
, FLAG 9N,3,Quarter,,,,,,,,,,,,,,,,,,,,,,
, FLAG 9P,1,High,,,,,,,,,,,,,,,,,,,,,,
, FLAG 9P,2,Intermediate,,,,,,,,,,,,,,,,,,,,,,
, FLAG 9P,3,Low,,,,,,,,,,,,,,,,,,,,,,
,TP27,1,The northward of the enemy,,,,,,,,,,,,,,,,,,,,,,
,TP27,2,The southward of the enemy T,,,,,,,,,,,,,,,,,,,,,,
,TP27,3,The eastward of the enemy,,,,,,,,,,,,,,,,,,,,,,
,TP27,4,The westward of the enemy,,,,,,,,,,,,,,,,,,,,,,
,TP35,1,Are in sight bearing _ .,,,,,,,,,,,,,,,,,,,,,,
,TP35,2,Are to be recovered,,,,,,,,,,,,,,,,,,,,,,
,TP35,3,Have sunk,,,,,,,,,,,,,,,,,,,,,,
,TP35,4,Chase and recover,,,,,,,,,,,,,,,,,,,,,,
,TK2,1,According to plan (DESIG__),,,,,,,,,,,,,,,,,,,,,,
,TK2,2,ASW weapons from Table A (TACK___ ).,,,,,,,,,,,,,,,,,,,,,,
,TK2,3,Coordination attack with this unit or unit indicated,,,,,,,,,,,,,,,,,,,,,,
,TK2,4,Deliberate,,,,,,,,,,,,,,,,,,,,,,
,TK2,5,Enemy (or type indicated) now bearing__ from this unit or unit indicated.,,,,,,,,,,,,,,,,,,,,,,
,TK2,6,In accordance with previous instructions,,,,,,,,,,,,,,,,,,,,,,
,TK2,7,Independently,,,,,,,,,,,,,,,,,,,,,,
,TK2,8,Main gun armament,,,,,,,,,,,,,,,,,,,,,,
,TK2,9,Repeated attacks,,,,,,,,,,,,,,,,,,,,,,
,TK2,10,Simultaneous,,,,,,,,,,,,,,,,,,,,,,
,TK2,11,Missiles,,,,,,,,,,,,,,,,,,,,,,
,TK2,12,Torpedoes,,,,,,,,,,,,,,,,,,,,,,
,TK2,13,Under smoke screen,,,,,,,,,,,,,,,,,,,,,,
,TK2,14,Urgent,,,,,,,,,,,,,,,,,,,,,,
,TK2,15,Weapon-carrying helicopter.,,,,,,,,,,,,,,,,,,,,,,
,TK3,1,Biological weapons,,,,,,,,,,,,,,,,,,,,,,
,TK3,2,Bombs,,,,,,,,,,,,,,,,,,,,,,
,TK3,3,Chemical,,,,,,,,,,,,,,,,,,,,,,
,TK3,4,Guided missiles,,,,,,,,,,,,,,,,,,,,,,
,TK3,5,Naval gunfire,,,,,,,,,,,,,,,,,,,,,,
,TK3,6,Nuclear weapons,,,,,,,,,,,,,,,,,,,,,,
,TK3,7,Rockets,,,,,,,,,,,,,,,,,,,,,,
,TK3,8,Shore batteries,,,,,,,,,,,,,,,,,,,,,,
,TK3,9,Torpedoes,,,,,,,,,,,,,,,,,,,,,,
,TK11,1,Relative bearings and distances are to be preserved,,,,,,,,,,,,,,,,,,,,,,
,TK11,2,Relative bearings and distance are to be resumed,,,,,,,,,,,,,,,,,,,,,,
,TK11,3,True bearings and distances are to be preserved,,,,,,,,,,,,,,,,,,,,,,
,TK11,4,True bearings and distances are to be resumed,,,,,,,,,,,,,,,,,,,,,,
,TK12,1,Distance of Free_Text_Tack_1 hundreds of yards,,,,,,,,,,,,,,,,,,,,,,
,TK12,2,Distance of Free_Text_Tack_1 miles,,,,,,,,,,,,,,,,,,,,,,
,TK12,3,Double standard distance,,,,,,,,,,,,,,,,,,,,,,
,TK12,4,Standard distance,,,,,,,,,,,,,,,,,,,,,,
,TK12,5,Proper distance,,,,,,,,,,,,,,,,,,,,,,
,TK12,6,One - half standard distance,,,,,,,,,,,,,,,,,,,,,,
,TK14,1,Circle spacing,,,,,,,,,,,,,,,,,,,,,,
,TK14,2,Distance between guides of units,,,,,,,,,,,,,,,,,,,,,,
,TK14,3,Distance between units,,,,,,,,,,,,,,,,,,,,,,
,TK14,4,Extended manoeuvring interval,,,,,,,,,,,,,,,,,,,,,,
,TK14,5,Interval,,,,,,,,,,,,,,,,,,,,,,
,TK14,6,Manoeuvring interval,,,,,,,,,,,,,,,,,,,,,,
,TK14,7,Reduced tactical diameter,,,,,,,,,,,,,,,,,,,,,,
,TK14,8,Standard distance,,,,,,,,,,,,,,,,,,,,,,
,TK14,9,Standard tactical diameter,,,,,,,,,,,,,,,,,,,,,,
,TK15,1,Extended manoeuvring interval,,,,,,,,,,,,,,,,,,,,,,
,TK15,2,Interval of Free_Text_Tack_1 hundreds of yards,,,,,,,,,,,,,,,,,,,,,,
,TK15,3,Interval of Free_Text_Tack_1 hundreds of yards between service and waiting lines,,,,,,,,,,,,,,,,,,,,,,
,TK15,4,Interval of Free_Text_Tack_1 hundreds of yards between service line,,,,,,,,,,,,,,,,,,,,,,
,TK15,5,Interval of Free_Text_Tack_1 thousands of yards,,,,,,,,,,,,,,,,,,,,,,
,TK15,6,Manoeuvring interval,,,,,,,,,,,,,,,,,,,,,,
,TK15,7,Proper interval,,,,,,,,,,,,,,,,,,,,,,
,TK22,1,Aircraft,,,,,,,,,,,,,,,,,,,,,,
,TK22,2,Missiles,,,,,,,,,,,,,,,,,,,,,,
,TK22,3,Guided missile,,,,,,,,,,,,,,,,,,,,,,
,TK22,4,Submarine,,,,,,,,,,,,,,,,,,,,,,
,TK22,5,Surface vessels,,,,,,,,,,,,,,,,,,,,,,
,TK22,6,Torpedo,,,,,,,,,,,,,,,,,,,,,,
,TK23,1,Radar,,,,,,,,,,,,,,,,,,,,,,
,TK23,2,Sonar,,,,,,,,,,,,,,,,,,,,,,
,TK23,3,Visual,,,,,,,,,,,,,,,,,,,,,,
,TK23,4,ESM,,,,,,,,,,,,,,,,,,,,,,
,TK26,1,Joining up (from direction indicated) (at time____.),,,,,,,,,,,,,,,,,,,,,,
,TK26,2,May be encountered (at about __) (in position_.),,,,,,,,,,,,,,,,,,,,,,
,TK26,3,Operating in vicinity (or position____),,,,,,,,,,,,,,,,,,,,,,
,TK26,4,Sighted,,,,,,,,,,,,,,,,,,,,,,
,TK30,1,AA Fire,,,,,,,,,,,,,,,,,,,,,,
,TK30,2,Buoy,,,,,,,,,,,,,,,,,,,,,,
,TK30,3,Coloured water,,,,,,,,,,,,,,,,,,,,,,
,TK30,4,Flashes of guns,,,,,,,,,,,,,,,,,,,,,,
,TK30,5,Flare,,,,,,,,,,,,,,,,,,,,,,
,TK30,6,Floating object,,,,,,,,,,,,,,,,,,,,,,
,TK30,7,Glare of searchlight,,,,,,,,,,,,,,,,,,,,,,
,TK30,8,Iceberg,,,,,,,,,,,,,,,,,,,,,,
,TK30,9,Land,,,,,,,,,,,,,,,,,,,,,,
,TK30,10,Lights,,,,,,,,,,,,,,,,,,,,,,
,TK30,11,Lighthouse,,,,,,,,,,,,,,,,,,,,,,
,TK30,12,Lightship,,,,,,,,,,,,,,,,,,,,,,
,TK30,13,Oil patch,,,,,,,,,,,,,,,,,,,,,,
,TK30,14,Reefs,,,,,,,,,,,,,,,,,,,,,,
,TK30,15,Rocket,,,,,,,,,,,,,,,,,,,,,,
,TK30,16,Rocks,,,,,,,,,,,,,,,,,,,,,,
,TK30,17,Ships without light,,,,,,,,,,,,,,,,,,,,,,
,TK30,18,Shoals,,,,,,,,,,,,,,,,,,,,,,
,TK30,19,Small boat,,,,,,,,,,,,,,,,,,,,,,
,TK30,20,Smoke,,,,,,,,,,,,,,,,,,,,,,
,TK30,21,Smoke bomb,,,,,,,,,,,,,,,,,,,,,,
,TK30,22,Star shell,,,,,,,,,,,,,,,,,,,,,,
,TK30,23,Star (very's),,,,,,,,,,,,,,,,,,,,,,
,TK30,24,"Submarine, unidentified",,,,,,,,,,,,,,,,,,,,,,
,TK30,25,Wreckage,,,,,,,,,,,,,,,,,,,,,,
,TK30,26,Fishing stakes,,,,,,,,,,,,,,,,,,,,,,
,TK32,1,Enemy,,,,,,,,,,,,,,,,,,,,,,
,TK32,2,Friendly,,,,,,,,,,,,,,,,,,,,,,
,TK32,3,Neutral,,,,,,,,,,,,,,,,,,,,,,
,TK32,4,Unidentified,,,,,,,,,,,,,,,,,,,,,,
,TK37,1,Aft,,,,,,,,,,,,,,,,,,,,,,
,TK37,2,Aloft,,,,,,,,,,,,,,,,,,,,,,
,TK37,3,Amidships,,,,,,,,,,,,,,,,,,,,,,
,TK37,4,Forward,,,,,,,,,,,,,,,,,,,,,,
,TK37,5,Superstructure,,,,,,,,,,,,,,,,,,,,,,
,TK38,1,Grimes,,,,,,,,,,,,,,,,,,,,,,
,TK38,2,Search,,,,,,,,,,,,,,,,,,,,,,
,TK38,3,Submarine identification,,,,,,,,,,,,,,,,,,,,,,
,TK38,4,Task,,,,,,,,,,,,,,,,,,,,,,
,TK38,5,Fighting,,,,,,,,,,,,,,,,,,,,,,
,TK38,6,Disguised/deception,,,,,,,,,,,,,,,,,,,,,,
,TK43,1,Manoeuvre as necessary to blow soot,,,,,,,,,,,,,,,,,,,,,,
,TK44,1,Action,,,,,,,,,,,,,,,,,,,,,,
,TK44,2,Answer to signal,,,,,,,,,,,,,,,,,,,,,,
,TK44,3,Manoeuvre,,,,,,,,,,,,,,,,,,,,,,
,TK44,4,Operation,,,,,,,,,,,,,,,,,,,,,,
,TK46,1,Given up for lost,,,,,,,,,,,,,,,,,,,,,,
,TK46,2,Picked up,,,,,,,,,,,,,,,,,,,,,,
,TK47,1,Disabled ship,,,,,,,,,,,,,,,,,,,,,,
,TK47,2,Downed/ditched aircraf,,,,,,,,,,,,,,,,,,,,,,
,TK47,3,Man overboard,,,,,,,,,,,,,,,,,,,,,,
,TK47,4,Raft,,,,,,,,,,,,,,,,,,,,,,
,TK47,5,Small boat,,,,,,,,,,,,,,,,,,,,,,
,TK47,6,Submarine,,,,,,,,,,,,,,,,,,,,,,
,TK47,7,Survivors,,,,,,,,,,,,,,,,,,,,,,
,TK47,8,Torpedo,,,,,,,,,,,,,,,,,,,,,,
,TK47,9,Wreckage,,,,,,,,,,,,,,,,,,,,,,
,TK56,1,Strange,,,,,,,,,,,,,,,,,,,,,,
,TK56,2,Incoming,,,,,,,,,,,,,,,,,,,,,,
,TK61,1,Round up stragglers,,,,,,,,,,,,,,,,,,,,,,
,TK62,1,Buoy,,,,,,,,,,,,,,,,,,,,,,
,TK62,2,Flare,,,,,,,,,,,,,,,,,,,,,,
,TK62,3,Floating object,,,,,,,,,,,,,,,,,,,,,,
,TK62,4,Goblin (preceded by DESIG,,,,,,,,,,,,,,,,,,,,,,
,TK62,5,Iceberg,,,,,,,,,,,,,,,,,,,,,,
,TK62,6,Land,,,,,,,,,,,,,,,,,,,,,,
,TK62,7,Lights,,,,,,,,,,,,,,,,,,,,,,
,TK62,8,Lightship,,,,,,,,,,,,,,,,,,,,,,
,TK62,9,Oil patch,,,,,,,,,,,,,,,,,,,,,,
,TK62,10,Periscope (snort),,,,,,,,,,,,,,,,,,,,,,
,TK62,11,Racket (preceded by TACK),,,,,,,,,,,,,,,,,,,,,,
,TK62,12,Radar contact,,,,,,,,,,,,,,,,,,,,,,
,TK62,13,Reefs,,,,,,,,,,,,,,,,,,,,,,
,TK62,14,Rocks,,,,,,,,,,,,,,,,,,,,,,
,TK62,15,Ships without light,,,,,,,,,,,,,,,,,,,,,,
,TK62,16,Shoals,,,,,,,,,,,,,,,,,,,,,,
,TK62,17,Skunk (preceded by DESIG),,,,,,,,,,,,,,,,,,,,,,
,TK62,18,Small boat,,,,,,,,,,,,,,,,,,,,,,
,TK62,19,Smoke,,,,,,,,,,,,,,,,,,,,,,
,TK62,20,Sonar contact,,,,,,,,,,,,,,,,,,,,,,
,TK62,21,Star (Jery's),,,,,,,,,,,,,,,,,,,,,,
,TK62,22,Suspicious ship,,,,,,,,,,,,,,,,,,,,,,
,TK62,23,Wreckage,,,,,,,,,,,,,,,,,,,,,,
,TK64,1,Air attack,,,,,,,,,,,,,,,,,,,,,,
,TK64,2,Guided Missile,,,,,,,,,,,,,,,,,,,,,,
,TK64,3,Surface forces,,,,,,,,,,,,,,,,,,,,,,
,TK64,4,Submarine,,,,,,,,,,,,,,,,,,,,,,
,TK64,5,FAC (G),,,,,,,,,,,,,,,,,,,,,,
,TK64,6,FAC (T),,,,,,,,,,,,,,,,,,,,,,
,TK64,7,FAC (M),,,,,,,,,,,,,,,,,,,,,,
,TK66,1,From station(s)____,,,,,,,,,,,,,,,,,,,,,,
,TK66,2,From sector(s) __ indicated by letter(s) following DESIG,,,,,,,,,,,,,,,,,,,,,,
,TK66,3,Whose call sign(s) is!are __ (whose call sign(s) follow __),,,,,,,,,,,,,,,,,,,,,,
,TK69,1,Destroyers having expended torpedoes concentrate on this unit or unit indicated.,,,,,,,,,,,,,,,,,,,,,,
,TK69,2,Destroyers having torpedoes concentrate on this unit or unit indicated.,,,,,,,,,,,,,,,,,,,,,,
,TK69,3,In position __ .,,,,,,,,,,,,,,,,,,,,,,
,TK69,4,On enemy as indicated. (a) Bearing from enemy (b) Distance in thousands of yards from the enemy (c) Enemy as indicated from Table F,,,,,,,,,,,,,,,,,,,,,,
,TK69,5,On unit indicated,,,,,,,,,,,,,,,,,,,,,,
,TK72,1,Beam,,,,,,,,,,,,,,,,,,,,,,
,TK72,2,Head,,,,,,,,,,,,,,,,,,,,,,
,TK72,3,Port bow,,,,,,,,,,,,,,,,,,,,,,
,TK72,4,Starboard bow,,,,,,,,,,,,,,,,,,,,,,
,TK72,5,Stern,,,,,,,,,,,,,,,,,,,,,,
,TK73,1,Radar,,,,,,,,,,,,,,,,,,,,,,
,TK73,2,Ultra high frequency,,,,,,,,,,,,,,,,,,,,,,
,TK73,3,Underwater telephone,,,,,,,,,,,,,,,,,,,,,,
,TK73,4,Very high frequency,,,,,,,,,,,,,,,,,,,,,,
,TK73,5,Visual signalling,,,,,,,,,,,,,,,,,,,,,,
,TK73,6,__ miles,,,,,,,,,,,,,,,,,,,,,,
,TK73,7,Data Link,,,,,,,,,,,,,,,,,,,,,,
,TK76,1,Enemy inflicted damage,,,,,,,,,,,,,,,,,,,,,,
,TK76,2,To attack enemy,,,,,,,,,,,,,,,,,,,,,,
,TK77,1,In formation,,,,,,,,,,,,,,,,,,,,,,
,TK77,2,In formation when orders have been carried out.,,,,,,,,,,,,,,,,,,,,,,
,TK78,1,With this unit or unit indicated,,,,,,,,,,,,,,,,,,,,,,
,TK78,2,Wait for further orders,,,,,,,,,,,,,,,,,,,,,,
,TK86,1,This unit or unit indicated (station may be indicated,,,,,,,,,,,,,,,,,,,,,,
,TK86,2,As leading ship of this unit or unit indicated and conform to movements of this unit,,,,,,,,,,,,,,,,,,,,,,
,TK86,3,As rear ship of this unit or unit indicated and conform to movements of this unit,,,,,,,,,,,,,,,,,,,,,,
,TK86,4,"Formation or formation indicated when practicable, falling in astern or taking any station open",,,,,,,,,,,,,,,,,,,,,,
,TK86,5,When conditions exist as indicated,,,,,,,,,,,,,,,,,,,,,,
,TK86,6,When present orders have been carried out,,,,,,,,,,,,,,,,,,,,,,
,TK86,7,Your own senior officer,,,,,,,,,,,,,,,,,,,,,,
,TK88,1,And report for duty to (designated commander),,,,,,,,,,,,,,,,,,,,,,
,TK88,2,As necessary to pass through formation or to reach position indicated (at____),,,,,,,,,,,,,,,,,,,,,,
,TK88,3,As previously directed,,,,,,,,,,,,,,,,,,,,,,
,TK88,4,In accordance with operation order or serial number indicated.,,,,,,,,,,,,,,,,,,,,,,
,TK88,5,In company (with ____),,,,,,,,,,,,,,,,,,,,,,
,TK88,6,Independently,,,,,,,,,,,,,,,,,,,,,,
,TK88,7,independently into port and take berth assigned,,,,,,,,,,,,,,,,,,,,,,
,TK88,8,Independently to assigned station,,,,,,,,,,,,,,,,,,,,,,
,TK88,9,On duty assigned,,,,,,,,,,,,,,,,,,,,,,
,TK88,10,Out of port,,,,,,,,,,,,,,,,,,,,,,
,TK88,11,To____,,,,,,,,,,,,,,,,,,,,,,
,TK88,12,To anchorage,,,,,,,,,,,,,,,,,,,,,,
,TK88,13,To attack,,,,,,,,,,,,,,,,,,,,,,
,TK88,14,To contact area,,,,,,,,,,,,,,,,,,,,,,
,TK88,15,To FPB laying - up position,,,,,,,,,,,,,,,,,,,,,,
,TK88,16,To FPB waiting position,,,,,,,,,,,,,,,,,,,,,,
,TK88,17,To foul weather anchorage,,,,,,,,,,,,,,,,,,,,,,
,TK88,18,To por,,,,,,,,,,,,,,,,,,,,,,
,TK88,19,To position (_____),,,,,,,,,,,,,,,,,,,,,,
,TK88,20,To pick-up/recover target,,,,,,,,,,,,,,,,,,,,,,
,TK88,21,To recover man overboard (from_),,,,,,,,,,,,,,,,,,,,,,
,TK88,22,To regular station,,,,,,,,,,,,,,,,,,,,,,
,TK88,23,To rendezvous,,,,,,,,,,,,,,,,,,,,,,
,TK88,24,To side of screen indicated by PORT or STBD,,,,,,,,,,,,,,,,,,,,,,
,TK88,25,With dispatch,,,,,,,,,,,,,,,,,,,,,,
,TK88,26,Without regard to formation,,,,,,,,,,,,,,,,,,,,,,
,TK92,1,To pass clear of ship(ing) (s) or (unit indicated) and resuming station when clear,,,,,,,,,,,,,,,,,,,,,,
,TK92,2,To repair damage or defects,,,,,,,,,,,,,,,,,,,,,,
,TK92,3,To conduct helicopter operations,,,,,,,,,,,,,,,,,,,,,,
,TK92,4,To take bathythermograph readings,,,,,,,,,,,,,,,,,,,,,,
,TK92,5,For meteorological tasks,,,,,,,,,,,,,,,,,,,,,,
,TK93,1,Aircraft,,,,,,,,,,,,,,,,,,,,,,
,TK93,2,Missile,,,,,,,,,,,,,,,,,,,,,,
,TK93,3,Submarine,,,,,,,,,,,,,,,,,,,,,,
,TK93,4,Surface vessel,,,,,,,,,,,,,,,,,,,,,,
,TK93,5,Torpedo,,,,,,,,,,,,,,,,,,,,,,
,TK95,1,Leaving places vacant for ships temporarily out of the formation,,,,,,,,,,,,,,,,,,,,,,
,TK95,2,Without regard for ships out of formation.,,,,,,,,,,,,,,,,,,,,,,
,TK97,1,Ahead,,,,,,,,,,,,,,,,,,,,,,
,TK97,2,Astern,,,,,,,,,,,,,,,,,,,,,,
,TK97,3,To port,,,,,,,,,,,,,,,,,,,,,,
,TK97,4,To starboard,,,,,,,,,,,,,,,,,,,,,,
,TK98,1,"Column leader or unit indicated in conforming to channel, by adjusting course and speed as necessary to pass over the same ground.",,,,,,,,,,,,,,,,,,,,,,
,TK98,2,OTC,,,,,,,,,,,,,,,,,,,,,,
,TK98,3,OTC in altering course and speed,,,,,,,,,,,,,,,,,,,,,,
,TK98,4,This unit or unit indicated,,,,,,,,,,,,,,,,,,,,,,
,TK100,1,Ahead,,,,,,,,,,,,,,,,,,,,,,
,TK100,2,Astern,,,,,,,,,,,,,,,,,,,,,,
,TK100,3,Between (this unit or unit indicated) and (contact indicated),,,,,,,,,,,,,,,,,,,,,,
,TK100,4,Clear during manoeuvres,,,,,,,,,,,,,,,,,,,,,,
,TK100,5,In wake of this unit or unit indicated,,,,,,,,,,,,,,,,,,,,,,
,TK100,6,Just clear of the wake of next ahead,,,,,,,,,,,,,,,,,,,,,,
,TK100,7,Out of the way,,,,,,,,,,,,,,,,,,,,,,
,TK100,8,To port of this unit or unit indicated,,,,,,,,,,,,,,,,,,,,,,
,TK100,9,To starboard of this unit or unit indicated,,,,,,,,,,,,,,,,,,,,,,
,TK103,1,Ahead of this unit or unit indicated,,,,,,,,,,,,,,,,,,,,,,
,TK103,2,Astern of this unit or unit indicated,,,,,,,,,,,,,,,,,,,,,,
,TK103,3,Between lines,,,,,,,,,,,,,,,,,,,,,,
,TK103,4,Ships unable to keep station,,,,,,,,,,,,,,,,,,,,,,
,TK103,5,Through formation,,,,,,,,,,,,,,,,,,,,,,
,TK103,6,Through lines,,,,,,,,,,,,,,,,,,,,,,
,TK103,7,To port of this unit or unit indicated,,,,,,,,,,,,,,,,,,,,,,
,TK103,8,To starboard of this unit or unit indicated,,,,,,,,,,,,,,,,,,,,,,
,TK104,1,__ degrees of rudder for standard tactical rudder until further orders,,,,,,,,,,,,,,,,,,,,,,
,TK104,2,Emergency,,,,,,,,,,,,,,,,,,,,,,
,TK104,3,Full (5 degree less than maximum),,,,,,,,,,,,,,,,,,,,,,
,TK104,4,Less,,,,,,,,,,,,,,,,,,,,,,
,TK104,5,Maximum (hard rudder or hard over),,,,,,,,,,,,,,,,,,,,,,
,TK104,6,More,,,,,,,,,,,,,,,,,,,,,,
,TK104,7,Proper,,,,,,,,,,,,,,,,,,,,,,
,TK104,8,Rudder as necessary to give a tactical diameter of __ hundreds of yards.,,,,,,,,,,,,,,,,,,,,,,
,TK105,1,"Odd-numbered ships to starboard, even-numbered ships to port",,,,,,,,,,,,,,,,,,,,,,
,TK105,2,"Odd-numbered ships to port, even-numbered ships to starboard",,,,,,,,,,,,,,,,,,,,,,
,TK105,3,To starboard,,,,,,,,,,,,,,,,,,,,,,
,TK105,4,To port,,,,,,,,,,,,,,,,,,,,,,
,TK109,1,At present speed,,,,,,,,,,,,,,,,,,,,,,
,TK109,2,In assigned area or in area indicated,,,,,,,,,,,,,,,,,,,,,,
,TK109,3,In present formation,,,,,,,,,,,,,,,,,,,,,,
,TK109,4,"In present formation, on present course and at present speed",,,,,,,,,,,,,,,,,,,,,,
,TK109,5,In present disposition,,,,,,,,,,,,,,,,,,,,,,
,TK109,6,On present base course,,,,,,,,,,,,,,,,,,,,,,
,TK110,1,Cease operations,,,,,,,,,,,,,,,,,,,,,,
,TK110,2,Delay operations until further orders (or until__),,,,,,,,,,,,,,,,,,,,,,
,TK110,3,Expedite operations,,,,,,,,,,,,,,,,,,,,,,
,TK110,4,Operations completed,,,,,,,,,,,,,,,,,,,,,,
,TK111,1,Damage,,,,,,,,,,,,,,,,,,,,,,
,TK111,2,Decontamination in progress,,,,,,,,,,,,,,,,,,,,,,
,TK111,3,Lack of services,,,,,,,,,,,,,,,,,,,,,,
,TK111,4,Prior commitments,,,,,,,,,,,,,,,,,,,,,,
,TK111,5,Weather,,,,,,,,,,,,,,,,,,,,,,
,TK115,1,Identify,,,,,,,,,,,,,,,,,,,,,,
,TK116,1,Believed enemy,,,,,,,,,,,,,,,,,,,,,,
,TK116,2,FALSE,,,,,,,,,,,,,,,,,,,,,,
,TK116,3,Friendly,,,,,,,,,,,,,,,,,,,,,,
,TK116,4,Land,,,,,,,,,,,,,,,,,,,,,,
,TK116,5,Lost,,,,,,,,,,,,,,,,,,,,,,
,TK116,6,"Unimportant objects (rain squall, birds etc)",,,,,,,,,,,,,,,,,,,,,,
,TK116,7,Without confirmation,,,,,,,,,,,,,,,,,,,,,,
,TK117,1,Enemy,,,,,,,,,,,,,,,,,,,,,,
,TK117,2,Friendly,,,,,,,,,,,,,,,,,,,,,,
,TK117,3,Neutral,,,,,,,,,,,,,,,,,,,,,,
,TK117,4,Suspicious,,,,,,,,,,,,,,,,,,,,,,
,TK117,5,Unknown,,,,,,,,,,,,,,,,,,,,,,
,TK118,1,ESM,,,,,,,,,,,,,,,,,,,,,,
,TK118,2,IFF,,,,,,,,,,,,,,,,,,,,,,
,TK118,3,Nancy,,,,,,,,,,,,,,,,,,,,,,
,TK118,4,Radar,,,,,,,,,,,,,,,,,,,,,,
,TK118,5,Sonar,,,,,,,,,,,,,,,,,,,,,,
,TK118,6,Visual,,,,,,,,,,,,,,,,,,,,,,
,TK123,1,Circle of radius __ miles with centre in present position (or at position __),,,,,,,,,,,,,,,,,,,,,,
,TK123,2,"Quadrilateral drawn between following four positions __ , __ , _, _",,,,,,,,,,,,,,,,,,,,,,
,TK123,3,Sector included between and with radius of miles from present position (or position___),,,,,,,,,,,,,,,,,,,,,,
,TK123,4,Sector between____and __ between___miles and___ miles from position __,,,,,,,,,,,,,,,,,,,,,,
,TK123,5,Rectangle of width __ miles and depth _ miles centred on position __,,,,,,,,,,,,,,,,,,,,,,
,TK124,1,Expanding square,,,,,,,,,,,,,,,,,,,,,,
,TK124,2,Intercepting,,,,,,,,,,,,,,,,,,,,,,
,TK124,3,Rectangular,,,,,,,,,,,,,,,,,,,,,,
,TK124,4,Sector,,,,,,,,,,,,,,,,,,,,,,
,TK126,1,ASW barrier patrol,,,,,,,,,,,,,,,,,,,,,,
,TK126,2,Barrier line (limits may indicated by position signal followin,,,,,,,,,,,,,,,,,,,,,,
,TK126,3,Circular patrol around DATUM clear of ships engaged in the ASW actio,,,,,,,,,,,,,,,,,,,,,,
,TK126,4,Cross-over patrol (short leg is __ miles). Perpendicular between short legs is __ miles,,,,,,,,,,,,,,,,,,,,,,
,TK126,5,Double line cross-over patro,,,,,,,,,,,,,,,,,,,,,,
,TK126,6,Endless chain ASW patro,,,,,,,,,,,,,,,,,,,,,,
,TK126,7,Fixed station patrol,,,,,,,,,,,,,,,,,,,,,,
,TK130,1,Anchorage,,,,,,,,,,,,,,,,,,,,,,
,TK130,2,Boom (nets or gates),,,,,,,,,,,,,,,,,,,,,,
,TK130,3,Channel,,,,,,,,,,,,,,,,,,,,,,
,TK130,4,Harbour entrance,,,,,,,,,,,,,,,,,,,,,,
,TK133,1,Continue search or patrol (until __),,,,,,,,,,,,,,,,,,,,,,
,TK133,2,Rejoin your patrol,,,,,,,,,,,,,,,,,,,,,,
,TK133,3,Resume patrol,,,,,,,,,,,,,,,,,,,,,,
,TK133,4,Return to your station,,,,,,,,,,,,,,,,,,,,,,
,TK139,1,As previously directe,,,,,,,,,,,,,,,,,,,,,,
,TK139,2,"As previously directed On line of bearing
(a) Line of bearing to which ships are to spread
(b) Order of ships spreading from left to right if other than the present sequence
(c) Scouting axis
(d) Distance apart of ships when spread
(e) Guide while spreading, if other than Senior Officer
(f) Course and speed of the unit guide while spreading
(g) Time by which the spread is to be completed",,,,,,,,,,,,,,,,,,,,,,
,TK148,1,All types available except projectile,,,,,,,,,,,,,,,,,,,,,,
,TK148,2,As little as possible,,,,,,,,,,,,,,,,,,,,,,
,TK148,3,Chemical,,,,,,,,,,,,,,,,,,,,,,
,TK148,4,For approximately __ minutes,,,,,,,,,,,,,,,,,,,,,,
,TK148,5,Funnel,,,,,,,,,,,,,,,,,,,,,,
,TK148,6,Less smoke,,,,,,,,,,,,,,,,,,,,,,
,TK148,7,More smoke,,,,,,,,,,,,,,,,,,,,,,
,TK148,8,Oil fog,,,,,,,,,,,,,,,,,,,,,,
,TK148,9,WIth smoke floats or pots,,,,,,,,,,,,,,,,,,,,,,
,TK149,1,Being investigated,,,,,,,,,,,,,,,,,,,,,,
,TK149,2,From a few vessels,,,,,,,,,,,,,,,,,,,,,,
,TK149,3,From enemy,,,,,,,,,,,,,,,,,,,,,,
,TK149,4,From enemy indicated,,,,,,,,,,,,,,,,,,,,,,
,TK149,5,From friendly forces indicated,,,,,,,,,,,,,,,,,,,,,,
,TK149,6,From friendly ships,,,,,,,,,,,,,,,,,,,,,,
,TK149,7,From one vesse,,,,,,,,,,,,,,,,,,,,,,
,TK149,8,From own ships,,,,,,,,,,,,,,,,,,,,,,
,TK149,9,No longer visibl,,,,,,,,,,,,,,,,,,,,,,
,TK154,1,Air operations,,,,,,,,,,,,,,,,,,,,,,
,TK154,2,Boat work,,,,,,,,,,,,,,,,,,,,,,
,TK154,3,Chemical warfare attack,,,,,,,,,,,,,,,,,,,,,,
,TK154,4,Dan laying,,,,,,,,,,,,,,,,,,,,,,
,TK154,5,Diving,,,,,,,,,,,,,,,,,,,,,,
,TK154,6,Entering port,,,,,,,,,,,,,,,,,,,,,,
,TK154,7,Fuelling,,,,,,,,,,,,,,,,,,,,,,
,TK154,8,Helicopter operations,,,,,,,,,,,,,,,,,,,,,,
,TK154,9,Highline transfer,,,,,,,,,,,,,,,,,,,,,,
,TK154,10,Influence minesweeping,,,,,,,,,,,,,,,,,,,,,,
,TK154,11,Manoeuvring,,,,,,,,,,,,,,,,,,,,,,
,TK154,12,Mechanical minesweeping,,,,,,,,,,,,,,,,,,,,,,
,TK154,13,Mine hunting,,,,,,,,,,,,,,,,,,,,,,
,TK154,14,Mine laying,,,,,,,,,,,,,,,,,,,,,,
,TK154,15,Mine recovery,,,,,,,,,,,,,,,,,,,,,,
,TK154,16,Precision gunfire exercise,,,,,,,,,,,,,,,,,,,,,,
,TK154,17,Pressure mine countermeasure,,,,,,,,,,,,,,,,,,,,,,
,TK154,18,Recovery of torpedoe,,,,,,,,,,,,,,,,,,,,,,
,TK154,19,Replenishment,,,,,,,,,,,,,,,,,,,,,,
,TK154,20,Sonar operation,,,,,,,,,,,,,,,,,,,,,,
,TK154,21,Towing,,,,,,,,,,,,,,,,,,,,,,
,TK154,22,Transfer by small boat,,,,,,,,,,,,,,,,,,,,,,
,TK154,23,SAR,,,,,,,,,,,,,,,,,,,,,,
